episode_id,time_step,agent_id,event_type,battery_delta,severity
S1,16,UAV_0,battery_warning,-10,0.75
S1,24,UAV_0,battery_warning,-10,0.75
S1,32,UAV_0,battery_warning,-10,0.75
S1,16,UAV_1,battery_warning,-12,0.75
S1,24,UAV_1,battery_warning,-12,0.75
S1,32,UAV_1,battery_warning,-12,0.75
S1,16,UAV_2,battery_warning,-14,0.75
S1,24,UAV_2,battery_warning,-14,0.75
S1,32,UAV_2,battery_warning,-14,0.75
S1,16,UAV_3,battery_warning,-10,0.75
S1,24,UAV_3,battery_warning,-10,0.75
S1,32,UAV_3,battery_warning,-10,0.75
S1,16,UAV_4,battery_warning,-12,0.75
S1,24,UAV_4,battery_warning,-12,0.75
S1,32,UAV_4,battery_warning,-12,0.75
S1,16,UAV_5,battery_warning,-14,0.75
S1,24,UAV_5,battery_warning,-14,0.75
S1,32,UAV_5,battery_warning,-14,0.75
S1,16,UAV_6,battery_warning,-10,0.75
S1,24,UAV_6,battery_warning,-10,0.75
S1,32,UAV_6,battery_warning,-10,0.75
S1,16,UAV_7,battery_warning,-12,0.75
S1,24,UAV_7,battery_warning,-12,0.75
S1,32,UAV_7,battery_warning,-12,0.75
S2,16,UAV_0,battery_warning,-10,0.75
S2,24,UAV_0,battery_warning,-10,0.75
S2,32,UAV_0,battery_warning,-10,0.75
S2,16,UAV_1,battery_warning,-12,0.75
S2,24,UAV_1,battery_warning,-12,0.75
S2,32,UAV_1,battery_warning,-12,0.75
S2,16,UAV_2,battery_warning,-14,0.75
S2,24,UAV_2,battery_warning,-14,0.75
S2,32,UAV_2,battery_warning,-14,0.75
S2,16,UAV_3,battery_warning,-10,0.75
S2,24,UAV_3,battery_warning,-10,0.75
S2,32,UAV_3,battery_warning,-10,0.75
S2,16,UAV_4,battery_warning,-12,0.75
S2,24,UAV_4,battery_warning,-12,0.75
S2,32,UAV_4,battery_warning,-12,0.75
S2,16,UAV_5,battery_warning,-14,0.75
S2,24,UAV_5,battery_warning,-14,0.75
S2,32,UAV_5,battery_warning,-14,0.75
S2,16,UAV_6,battery_warning,-10,0.75
S2,24,UAV_6,battery_warning,-10,0.75
S2,32,UAV_6,battery_warning,-10,0.75
S2,16,UAV_7,battery_warning,-12,0.75
S2,24,UAV_7,battery_warning,-12,0.75
S2,32,UAV_7,battery_warning,-12,0.75
S3,16,UAV_0,battery_warning,-10,0.75
S3,24,UAV_0,battery_warning,-10,0.75
S3,32,UAV_0,battery_warning,-10,0.75
S3,16,UAV_1,battery_warning,-12,0.75
S3,24,UAV_1,battery_warning,-12,0.75
S3,32,UAV_1,battery_warning,-12,0.75
S3,16,UAV_2,battery_warning,-14,0.75
S3,24,UAV_2,battery_warning,-14,0.75
S3,32,UAV_2,battery_warning,-14,0.75
S3,16,UAV_3,battery_warning,-10,0.75
S3,24,UAV_3,battery_warning,-10,0.75
S3,32,UAV_3,battery_warning,-10,0.75
S3,16,UAV_4,battery_warning,-12,0.75
S3,24,UAV_4,battery_warning,-12,0.75
S3,32,UAV_4,battery_warning,-12,0.75
S3,16,UAV_5,battery_warning,-14,0.75
S3,24,UAV_5,battery_warning,-14,0.75
S3,32,UAV_5,battery_warning,-14,0.75
S3,16,UAV_6,battery_warning,-10,0.75
S3,24,UAV_6,battery_warning,-10,0.75
S3,32,UAV_6,battery_warning,-10,0.75
S3,16,UAV_7,battery_warning,-12,0.75
S3,24,UAV_7,battery_warning,-12,0.75
S3,32,UAV_7,battery_warning,-12,0.75
S4,16,UAV_0,battery_warning,-10,0.75
S4,24,UAV_0,battery_warning,-10,0.75
S4,32,UAV_0,battery_warning,-10,0.75
S4,16,UAV_1,battery_warning,-12,0.75
S4,24,UAV_1,battery_warning,-12,0.75
S4,32,UAV_1,battery_warning,-12,0.75
S4,16,UAV_2,battery_warning,-14,0.75
S4,24,UAV_2,battery_warning,-14,0.75
S4,32,UAV_2,battery_warning,-14,0.75
S4,16,UAV_3,battery_warning,-10,0.75
S4,24,UAV_3,battery_warning,-10,0.75
S4,32,UAV_3,battery_warning,-10,0.75
S4,16,UAV_4,battery_warning,-12,0.75
S4,24,UAV_4,battery_warning,-12,0.75
S4,32,UAV_4,battery_warning,-12,0.75
S4,16,UAV_5,battery_warning,-14,0.75
S4,24,UAV_5,battery_warning,-14,0.75
S4,32,UAV_5,battery_warning,-14,0.75
S4,16,UAV_6,battery_warning,-10,0.75
S4,24,UAV_6,battery_warning,-10,0.75
S4,32,UAV_6,battery_warning,-10,0.75
S4,16,UAV_7,battery_warning,-12,0.75
S4,24,UAV_7,battery_warning,-12,0.75
S4,32,UAV_7,battery_warning,-12,0.75
S5,16,UAV_0,battery_warning,-10,0.75
S5,24,UAV_0,battery_warning,-10,0.75
S5,32,UAV_0,battery_warning,-10,0.75
S5,16,UAV_1,battery_warning,-12,0.75
S5,24,UAV_1,battery_warning,-12,0.75
S5,32,UAV_1,battery_warning,-12,0.75
S5,16,UAV_2,battery_warning,-14,0.75
S5,24,UAV_2,battery_warning,-14,0.75
S5,32,UAV_2,battery_warning,-14,0.75
S5,16,UAV_3,battery_warning,-10,0.75
S5,24,UAV_3,battery_warning,-10,0.75
S5,32,UAV_3,battery_warning,-10,0.75
S5,16,UAV_4,battery_warning,-12,0.75
S5,24,UAV_4,battery_warning,-12,0.75
S5,32,UAV_4,battery_warning,-12,0.75
S5,16,UAV_5,battery_warning,-14,0.75
S5,24,UAV_5,battery_warning,-14,0.75
S5,32,UAV_5,battery_warning,-14,0.75
S5,16,UAV_6,battery_warning,-10,0.75
S5,24,UAV_6,battery_warning,-10,0.75
S5,32,UAV_6,battery_warning,-10,0.75
S5,16,UAV_7,battery_warning,-12,0.75
S5,24,UAV_7,battery_warning,-12,0.75
S5,32,UAV_7,battery_warning,-12,0.75
S6,16,UAV_0,battery_warning,-10,0.75
S6,24,UAV_0,battery_warning,-10,0.75
S6,32,UAV_0,battery_warning,-10,0.75
S6,16,UAV_1,battery_warning,-12,0.75
S6,24,UAV_1,battery_warning,-12,0.75
S6,32,UAV_1,battery_warning,-12,0.75
S6,16,UAV_2,battery_warning,-14,0.75
S6,24,UAV_2,battery_warning,-14,0.75
S6,32,UAV_2,battery_warning,-14,0.75
S6,16,UAV_3,battery_warning,-10,0.75
S6,24,UAV_3,battery_warning,-10,0.75
S6,32,UAV_3,battery_warning,-10,0.75
S6,16,UAV_4,battery_warning,-12,0.75
S6,24,UAV_4,battery_warning,-12,0.75
S6,32,UAV_4,battery_warning,-12,0.75
S6,16,UAV_5,battery_warning,-14,0.75
S6,24,UAV_5,battery_warning,-14,0.75
S6,32,UAV_5,battery_warning,-14,0.75
S6,16,UAV_6,battery_warning,-10,0.75
S6,24,UAV_6,battery_warning,-10,0.75
S6,32,UAV_6,battery_warning,-10,0.75
S6,16,UAV_7,battery_warning,-12,0.75
S6,24,UAV_7,battery_warning,-12,0.75
S6,32,UAV_7,battery_warning,-12,0.75
S7,16,UAV_0,battery_warning,-10,0.75
S7,24,UAV_0,battery_warning,-10,0.75
S7,32,UAV_0,battery_warning,-10,0.75
S7,16,UAV_1,battery_warning,-12,0.75
S7,24,UAV_1,battery_warning,-12,0.75
S7,32,UAV_1,battery_warning,-12,0.75
S7,16,UAV_2,battery_warning,-14,0.75
S7,24,UAV_2,battery_warning,-14,0.75
S7,32,UAV_2,battery_warning,-14,0.75
S7,16,UAV_3,battery_warning,-10,0.75
S7,24,UAV_3,battery_warning,-10,0.75
S7,32,UAV_3,battery_warning,-10,0.75
S7,16,UAV_4,battery_warning,-12,0.75
S7,24,UAV_4,battery_warning,-12,0.75
S7,32,UAV_4,battery_warning,-12,0.75
S7,16,UAV_5,battery_warning,-14,0.75
S7,24,UAV_5,battery_warning,-14,0.75
S7,32,UAV_5,battery_warning,-14,0.75
S7,16,UAV_6,battery_warning,-10,0.75
S7,24,UAV_6,battery_warning,-10,0.75
S7,32,UAV_6,battery_warning,-10,0.75
S7,16,UAV_7,battery_warning,-12,0.75
S7,24,UAV_7,battery_warning,-12,0.75
S7,32,UAV_7,battery_warning,-12,0.75
S8,16,UAV_0,battery_warning,-10,0.75
S8,24,UAV_0,battery_warning,-10,0.75
S8,32,UAV_0,battery_warning,-10,0.75
S8,16,UAV_1,battery_warning,-12,0.75
S8,24,UAV_1,battery_warning,-12,0.75
S8,32,UAV_1,battery_warning,-12,0.75
S8,16,UAV_2,battery_warning,-14,0.75
S8,24,UAV_2,battery_warning,-14,0.75
S8,32,UAV_2,battery_warning,-14,0.75
S8,16,UAV_3,battery_warning,-10,0.75
S8,24,UAV_3,battery_warning,-10,0.75
S8,32,UAV_3,battery_warning,-10,0.75
S8,16,UAV_4,battery_warning,-12,0.75
S8,24,UAV_4,battery_warning,-12,0.75
S8,32,UAV_4,battery_warning,-12,0.75
S8,16,UAV_5,battery_warning,-14,0.75
S8,24,UAV_5,battery_warning,-14,0.75
S8,32,UAV_5,battery_warning,-14,0.75
S8,16,UAV_6,battery_warning,-10,0.75
S8,24,UAV_6,battery_warning,-10,0.75
S8,32,UAV_6,battery_warning,-10,0.75
S8,16,UAV_7,battery_warning,-12,0.75
S8,24,UAV_7,battery_warning,-12,0.75
S8,32,UAV_7,battery_warning,-12,0.75
S9,16,UAV_0,battery_warning,-10,0.75
S9,24,UAV_0,battery_warning,-10,0.75
S9,32,UAV_0,battery_warning,-10,0.75
S9,16,UAV_1,battery_warning,-12,0.75
S9,24,UAV_1,battery_warning,-12,0.75
S9,32,UAV_1,battery_warning,-12,0.75
S9,16,UAV_2,battery_warning,-14,0.75
S9,24,UAV_2,battery_warning,-14,0.75
S9,32,UAV_2,battery_warning,-14,0.75
S9,16,UAV_3,battery_warning,-10,0.75
S9,24,UAV_3,battery_warning,-10,0.75
S9,32,UAV_3,battery_warning,-10,0.75
S9,16,UAV_4,battery_warning,-12,0.75
S9,24,UAV_4,battery_warning,-12,0.75
S9,32,UAV_4,battery_warning,-12,0.75
S9,16,UAV_5,battery_warning,-14,0.75
S9,24,UAV_5,battery_warning,-14,0.75
S9,32,UAV_5,battery_warning,-14,0.75
S9,16,UAV_6,battery_warning,-10,0.75
S9,24,UAV_6,battery_warning,-10,0.75
S9,32,UAV_6,battery_warning,-10,0.75
S9,16,UAV_7,battery_warning,-12,0.75
S9,24,UAV_7,battery_warning,-12,0.75
S9,32,UAV_7,battery_warning,-12,0.75
S10,16,UAV_0,battery_warning,-10,0.75
S10,24,UAV_0,battery_warning,-10,0.75
S10,32,UAV_0,battery_warning,-10,0.75
S10,16,UAV_1,battery_warning,-12,0.75
S10,24,UAV_1,battery_warning,-12,0.75
S10,32,UAV_1,battery_warning,-12,0.75
S10,16,UAV_2,battery_warning,-14,0.75
S10,24,UAV_2,battery_warning,-14,0.75
S10,32,UAV_2,battery_warning,-14,0.75
S10,16,UAV_3,battery_warning,-10,0.75
S10,24,UAV_3,battery_warning,-10,0.75
S10,32,UAV_3,battery_warning,-10,0.75
S10,16,UAV_4,battery_warning,-12,0.75
S10,24,UAV_4,battery_warning,-12,0.75
S10,32,UAV_4,battery_warning,-12,0.75
S10,16,UAV_5,battery_warning,-14,0.75
S10,24,UAV_5,battery_warning,-14,0.75
S10,32,UAV_5,battery_warning,-14,0.75
S10,16,UAV_6,battery_warning,-10,0.75
S10,24,UAV_6,battery_warning,-10,0.75
S10,32,UAV_6,battery_warning,-10,0.75
S10,16,UAV_7,battery_warning,-12,0.75
S10,24,UAV_7,battery_warning,-12,0.75
S10,32,UAV_7,battery_warning,-12,0.75
S11,16,UAV_0,battery_warning,-10,0.75
S11,24,UAV_0,battery_warning,-10,0.75
S11,32,UAV_0,battery_warning,-10,0.75
S11,16,UAV_1,battery_warning,-12,0.75
S11,24,UAV_1,battery_warning,-12,0.75
S11,32,UAV_1,battery_warning,-12,0.75
S11,16,UAV_2,battery_warning,-14,0.75
S11,24,UAV_2,battery_warning,-14,0.75
S11,32,UAV_2,battery_warning,-14,0.75
S11,16,UAV_3,battery_warning,-10,0.75
S11,24,UAV_3,battery_warning,-10,0.75
S11,32,UAV_3,battery_warning,-10,0.75
S11,16,UAV_4,battery_warning,-12,0.75
S11,24,UAV_4,battery_warning,-12,0.75
S11,32,UAV_4,battery_warning,-12,0.75
S11,16,UAV_5,battery_warning,-14,0.75
S11,24,UAV_5,battery_warning,-14,0.75
S11,32,UAV_5,battery_warning,-14,0.75
S11,16,UAV_6,battery_warning,-10,0.75
S11,24,UAV_6,battery_warning,-10,0.75
S11,32,UAV_6,battery_warning,-10,0.75
S11,16,UAV_7,battery_warning,-12,0.75
S11,24,UAV_7,battery_warning,-12,0.75
S11,32,UAV_7,battery_warning,-12,0.75
S12,16,UAV_0,battery_warning,-10,0.75
S12,24,UAV_0,battery_warning,-10,0.75
S12,32,UAV_0,battery_warning,-10,0.75
S12,16,UAV_1,battery_warning,-12,0.75
S12,24,UAV_1,battery_warning,-12,0.75
S12,32,UAV_1,battery_warning,-12,0.75
S12,16,UAV_2,battery_warning,-14,0.75
S12,24,UAV_2,battery_warning,-14,0.75
S12,32,UAV_2,battery_warning,-14,0.75
S12,16,UAV_3,battery_warning,-10,0.75
S12,24,UAV_3,battery_warning,-10,0.75
S12,32,UAV_3,battery_warning,-10,0.75
S12,16,UAV_4,battery_warning,-12,0.75
S12,24,UAV_4,battery_warning,-12,0.75
S12,32,UAV_4,battery_warning,-12,0.75
S12,16,UAV_5,battery_warning,-14,0.75
S12,24,UAV_5,battery_warning,-14,0.75
S12,32,UAV_5,battery_warning,-14,0.75
S12,16,UAV_6,battery_warning,-10,0.75
S12,24,UAV_6,battery_warning,-10,0.75
S12,32,UAV_6,battery_warning,-10,0.75
S12,16,UAV_7,battery_warning,-12,0.75
S12,24,UAV_7,battery_warning,-12,0.75
S12,32,UAV_7,battery_warning,-12,0.75
S13,16,UAV_0,battery_warning,-10,0.75
S13,24,UAV_0,battery_warning,-10,0.75
S13,32,UAV_0,battery_warning,-10,0.75
S13,16,UAV_1,battery_warning,-12,0.75
S13,24,UAV_1,battery_warning,-12,0.75
S13,32,UAV_1,battery_warning,-12,0.75
S13,16,UAV_2,battery_warning,-14,0.75
S13,24,UAV_2,battery_warning,-14,0.75
S13,32,UAV_2,battery_warning,-14,0.75
S13,16,UAV_3,battery_warning,-10,0.75
S13,24,UAV_3,battery_warning,-10,0.75
S13,32,UAV_3,battery_warning,-10,0.75
S13,16,UAV_4,battery_warning,-12,0.75
S13,24,UAV_4,battery_warning,-12,0.75
S13,32,UAV_4,battery_warning,-12,0.75
S13,16,UAV_5,battery_warning,-14,0.75
S13,24,UAV_5,battery_warning,-14,0.75
S13,32,UAV_5,battery_warning,-14,0.75
S13,16,UAV_6,battery_warning,-10,0.75
S13,24,UAV_6,battery_warning,-10,0.75
S13,32,UAV_6,battery_warning,-10,0.75
S13,16,UAV_7,battery_warning,-12,0.75
S13,24,UAV_7,battery_warning,-12,0.75
S13,32,UAV_7,battery_warning,-12,0.75
S14,16,UAV_0,battery_warning,-10,0.75
S14,24,UAV_0,battery_warning,-10,0.75
S14,32,UAV_0,battery_warning,-10,0.75
S14,16,UAV_1,battery_warning,-12,0.75
S14,24,UAV_1,battery_warning,-12,0.75
S14,32,UAV_1,battery_warning,-12,0.75
S14,16,UAV_2,battery_warning,-14,0.75
S14,24,UAV_2,battery_warning,-14,0.75
S14,32,UAV_2,battery_warning,-14,0.75
S14,16,UAV_3,battery_warning,-10,0.75
S14,24,UAV_3,battery_warning,-10,0.75
S14,32,UAV_3,battery_warning,-10,0.75
S14,16,UAV_4,battery_warning,-12,0.75
S14,24,UAV_4,battery_warning,-12,0.75
S14,32,UAV_4,battery_warning,-12,0.75
S14,16,UAV_5,battery_warning,-14,0.75
S14,24,UAV_5,battery_warning,-14,0.75
S14,32,UAV_5,battery_warning,-14,0.75
S14,16,UAV_6,battery_warning,-10,0.75
S14,24,UAV_6,battery_warning,-10,0.75
S14,32,UAV_6,battery_warning,-10,0.75
S14,16,UAV_7,battery_warning,-12,0.75
S14,24,UAV_7,battery_warning,-12,0.75
S14,32,UAV_7,battery_warning,-12,0.75
S15,16,UAV_0,battery_warning,-10,0.75
S15,24,UAV_0,battery_warning,-10,0.75
S15,32,UAV_0,battery_warning,-10,0.75
S15,16,UAV_1,battery_warning,-12,0.75
S15,24,UAV_1,battery_warning,-12,0.75
S15,32,UAV_1,battery_warning,-12,0.75
S15,16,UAV_2,battery_warning,-14,0.75
S15,24,UAV_2,battery_warning,-14,0.75
S15,32,UAV_2,battery_warning,-14,0.75
S15,16,UAV_3,battery_warning,-10,0.75
S15,24,UAV_3,battery_warning,-10,0.75
S15,32,UAV_3,battery_warning,-10,0.75
S15,16,UAV_4,battery_warning,-12,0.75
S15,24,UAV_4,battery_warning,-12,0.75
S15,32,UAV_4,battery_warning,-12,0.75
S15,16,UAV_5,battery_warning,-14,0.75
S15,24,UAV_5,battery_warning,-14,0.75
S15,32,UAV_5,battery_warning,-14,0.75
S15,16,UAV_6,battery_warning,-10,0.75
S15,24,UAV_6,battery_warning,-10,0.75
S15,32,UAV_6,battery_warning,-10,0.75
S15,16,UAV_7,battery_warning,-12,0.75
S15,24,UAV_7,battery_warning,-12,0.75
S15,32,UAV_7,battery_warning,-12,0.75
S16,16,UAV_0,battery_warning,-10,0.75
S16,24,UAV_0,battery_warning,-10,0.75
S16,32,UAV_0,battery_warning,-10,0.75
S16,16,UAV_1,battery_warning,-12,0.75
S16,24,UAV_1,battery_warning,-12,0.75
S16,32,UAV_1,battery_warning,-12,0.75
S16,16,UAV_2,battery_warning,-14,0.75
S16,24,UAV_2,battery_warning,-14,0.75
S16,32,UAV_2,battery_warning,-14,0.75
S16,16,UAV_3,battery_warning,-10,0.75
S16,24,UAV_3,battery_warning,-10,0.75
S16,32,UAV_3,battery_warning,-10,0.75
S16,16,UAV_4,battery_warning,-12,0.75
S16,24,UAV_4,battery_warning,-12,0.75
S16,32,UAV_4,battery_warning,-12,0.75
S16,16,UAV_5,battery_warning,-14,0.75
S16,24,UAV_5,battery_warning,-14,0.75
S16,32,UAV_5,battery_warning,-14,0.75
S16,16,UAV_6,battery_warning,-10,0.75
S16,24,UAV_6,battery_warning,-10,0.75
S16,32,UAV_6,battery_warning,-10,0.75
S16,16,UAV_7,battery_warning,-12,0.75
S16,24,UAV_7,battery_warning,-12,0.75
S16,32,UAV_7,battery_warning,-12,0.75
S17,16,UAV_0,battery_warning,-10,0.75
S17,24,UAV_0,battery_warning,-10,0.75
S17,32,UAV_0,battery_warning,-10,0.75
S17,16,UAV_1,battery_warning,-12,0.75
S17,24,UAV_1,battery_warning,-12,0.75
S17,32,UAV_1,battery_warning,-12,0.75
S17,16,UAV_2,battery_warning,-14,0.75
S17,24,UAV_2,battery_warning,-14,0.75
S17,32,UAV_2,battery_warning,-14,0.75
S17,16,UAV_3,battery_warning,-10,0.75
S17,24,UAV_3,battery_warning,-10,0.75
S17,32,UAV_3,battery_warning,-10,0.75
S17,16,UAV_4,battery_warning,-12,0.75
S17,24,UAV_4,battery_warning,-12,0.75
S17,32,UAV_4,battery_warning,-12,0.75
S17,16,UAV_5,battery_warning,-14,0.75
S17,24,UAV_5,battery_warning,-14,0.75
S17,32,UAV_5,battery_warning,-14,0.75
S17,16,UAV_6,battery_warning,-10,0.75
S17,24,UAV_6,battery_warning,-10,0.75
S17,32,UAV_6,battery_warning,-10,0.75
S17,16,UAV_7,battery_warning,-12,0.75
S17,24,UAV_7,battery_warning,-12,0.75
S17,32,UAV_7,battery_warning,-12,0.75
S18,16,UAV_0,battery_warning,-10,0.75
S18,24,UAV_0,battery_warning,-10,0.75
S18,32,UAV_0,battery_warning,-10,0.75
S18,16,UAV_1,battery_warning,-12,0.75
S18,24,UAV_1,battery_warning,-12,0.75
S18,32,UAV_1,battery_warning,-12,0.75
S18,16,UAV_2,battery_warning,-14,0.75
S18,24,UAV_2,battery_warning,-14,0.75
S18,32,UAV_2,battery_warning,-14,0.75
S18,16,UAV_3,battery_warning,-10,0.75
S18,24,UAV_3,battery_warning,-10,0.75
S18,32,UAV_3,battery_warning,-10,0.75
S18,16,UAV_4,battery_warning,-12,0.75
S18,24,UAV_4,battery_warning,-12,0.75
S18,32,UAV_4,battery_warning,-12,0.75
S18,16,UAV_5,battery_warning,-14,0.75
S18,24,UAV_5,battery_warning,-14,0.75
S18,32,UAV_5,battery_warning,-14,0.75
S18,16,UAV_6,battery_warning,-10,0.75
S18,24,UAV_6,battery_warning,-10,0.75
S18,32,UAV_6,battery_warning,-10,0.75
S18,16,UAV_7,battery_warning,-12,0.75
S18,24,UAV_7,battery_warning,-12,0.75
S18,32,UAV_7,battery_warning,-12,0.75
S19,16,UAV_0,battery_warning,-10,0.75
S19,24,UAV_0,battery_warning,-10,0.75
S19,32,UAV_0,battery_warning,-10,0.75
S19,16,UAV_1,battery_warning,-12,0.75
S19,24,UAV_1,battery_warning,-12,0.75
S19,32,UAV_1,battery_warning,-12,0.75
S19,16,UAV_2,battery_warning,-14,0.75
S19,24,UAV_2,battery_warning,-14,0.75
S19,32,UAV_2,battery_warning,-14,0.75
S19,16,UAV_3,battery_warning,-10,0.75
S19,24,UAV_3,battery_warning,-10,0.75
S19,32,UAV_3,battery_warning,-10,0.75
S19,16,UAV_4,battery_warning,-12,0.75
S19,24,UAV_4,battery_warning,-12,0.75
S19,32,UAV_4,battery_warning,-12,0.75
S19,16,UAV_5,battery_warning,-14,0.75
S19,24,UAV_5,battery_warning,-14,0.75
S19,32,UAV_5,battery_warning,-14,0.75
S19,16,UAV_6,battery_warning,-10,0.75
S19,24,UAV_6,battery_warning,-10,0.75
S19,32,UAV_6,battery_warning,-10,0.75
S19,16,UAV_7,battery_warning,-12,0.75
S19,24,UAV_7,battery_warning,-12,0.75
S19,32,UAV_7,battery_warning,-12,0.75
S20,16,UAV_0,battery_warning,-10,0.75
S20,24,UAV_0,battery_warning,-10,0.75
S20,32,UAV_0,battery_warning,-10,0.75
S20,16,UAV_1,battery_warning,-12,0.75
S20,24,UAV_1,battery_warning,-12,0.75
S20,32,UAV_1,battery_warning,-12,0.75
S20,16,UAV_2,battery_warning,-14,0.75
S20,24,UAV_2,battery_warning,-14,0.75
S20,32,UAV_2,battery_warning,-14,0.75
S20,16,UAV_3,battery_warning,-10,0.75
S20,24,UAV_3,battery_warning,-10,0.75
S20,32,UAV_3,battery_warning,-10,0.75
S20,16,UAV_4,battery_warning,-12,0.75
S20,24,UAV_4,battery_warning,-12,0.75
S20,32,UAV_4,battery_warning,-12,0.75
S20,16,UAV_5,battery_warning,-14,0.75
S20,24,UAV_5,battery_warning,-14,0.75
S20,32,UAV_5,battery_warning,-14,0.75
S20,16,UAV_6,battery_warning,-10,0.75
S20,24,UAV_6,battery_warning,-10,0.75
S20,32,UAV_6,battery_warning,-10,0.75
S20,16,UAV_7,battery_warning,-12,0.75
S20,24,UAV_7,battery_warning,-12,0.75
S20,32,UAV_7,battery_warning,-12,0.75
S21,16,UAV_0,battery_warning,-10,0.75
S21,24,UAV_0,battery_warning,-10,0.75
S21,32,UAV_0,battery_warning,-10,0.75
S21,16,UAV_1,battery_warning,-12,0.75
S21,24,UAV_1,battery_warning,-12,0.75
S21,32,UAV_1,battery_warning,-12,0.75
S21,16,UAV_2,battery_warning,-14,0.75
S21,24,UAV_2,battery_warning,-14,0.75
S21,32,UAV_2,battery_warning,-14,0.75
S21,16,UAV_3,battery_warning,-10,0.75
S21,24,UAV_3,battery_warning,-10,0.75
S21,32,UAV_3,battery_warning,-10,0.75
S21,16,UAV_4,battery_warning,-12,0.75
S21,24,UAV_4,battery_warning,-12,0.75
S21,32,UAV_4,battery_warning,-12,0.75
S21,16,UAV_5,battery_warning,-14,0.75
S21,24,UAV_5,battery_warning,-14,0.75
S21,32,UAV_5,battery_warning,-14,0.75
S21,16,UAV_6,battery_warning,-10,0.75
S21,24,UAV_6,battery_warning,-10,0.75
S21,32,UAV_6,battery_warning,-10,0.75
S21,16,UAV_7,battery_warning,-12,0.75
S21,24,UAV_7,battery_warning,-12,0.75
S21,32,UAV_7,battery_warning,-12,0.75
S22,16,UAV_0,battery_warning,-10,0.75
S22,24,UAV_0,battery_warning,-10,0.75
S22,32,UAV_0,battery_warning,-10,0.75
S22,16,UAV_1,battery_warning,-12,0.75
S22,24,UAV_1,battery_warning,-12,0.75
S22,32,UAV_1,battery_warning,-12,0.75
S22,16,UAV_2,battery_warning,-14,0.75
S22,24,UAV_2,battery_warning,-14,0.75
S22,32,UAV_2,battery_warning,-14,0.75
S22,16,UAV_3,battery_warning,-10,0.75
S22,24,UAV_3,battery_warning,-10,0.75
S22,32,UAV_3,battery_warning,-10,0.75
S22,16,UAV_4,battery_warning,-12,0.75
S22,24,UAV_4,battery_warning,-12,0.75
S22,32,UAV_4,battery_warning,-12,0.75
S22,16,UAV_5,battery_warning,-14,0.75
S22,24,UAV_5,battery_warning,-14,0.75
S22,32,UAV_5,battery_warning,-14,0.75
S22,16,UAV_6,battery_warning,-10,0.75
S22,24,UAV_6,battery_warning,-10,0.75
S22,32,UAV_6,battery_warning,-10,0.75
S22,16,UAV_7,battery_warning,-12,0.75
S22,24,UAV_7,battery_warning,-12,0.75
S22,32,UAV_7,battery_warning,-12,0.75
S23,16,UAV_0,battery_warning,-10,0.75
S23,24,UAV_0,battery_warning,-10,0.75
S23,32,UAV_0,battery_warning,-10,0.75
S23,16,UAV_1,battery_warning,-12,0.75
S23,24,UAV_1,battery_warning,-12,0.75
S23,32,UAV_1,battery_warning,-12,0.75
S23,16,UAV_2,battery_warning,-14,0.75
S23,24,UAV_2,battery_warning,-14,0.75
S23,32,UAV_2,battery_warning,-14,0.75
S23,16,UAV_3,battery_warning,-10,0.75
S23,24,UAV_3,battery_warning,-10,0.75
S23,32,UAV_3,battery_warning,-10,0.75
S23,16,UAV_4,battery_warning,-12,0.75
S23,24,UAV_4,battery_warning,-12,0.75
S23,32,UAV_4,battery_warning,-12,0.75
S23,16,UAV_5,battery_warning,-14,0.75
S23,24,UAV_5,battery_warning,-14,0.75
S23,32,UAV_5,battery_warning,-14,0.75
S23,16,UAV_6,battery_warning,-10,0.75
S23,24,UAV_6,battery_warning,-10,0.75
S23,32,UAV_6,battery_warning,-10,0.75
S23,16,UAV_7,battery_warning,-12,0.75
S23,24,UAV_7,battery_warning,-12,0.75
S23,32,UAV_7,battery_warning,-12,0.75
S24,16,UAV_0,battery_warning,-10,0.75
S24,24,UAV_0,battery_warning,-10,0.75
S24,32,UAV_0,battery_warning,-10,0.75
S24,16,UAV_1,battery_warning,-12,0.75
S24,24,UAV_1,battery_warning,-12,0.75
S24,32,UAV_1,battery_warning,-12,0.75
S24,16,UAV_2,battery_warning,-14,0.75
S24,24,UAV_2,battery_warning,-14,0.75
S24,32,UAV_2,battery_warning,-14,0.75
S24,16,UAV_3,battery_warning,-10,0.75
S24,24,UAV_3,battery_warning,-10,0.75
S24,32,UAV_3,battery_warning,-10,0.75
S24,16,UAV_4,battery_warning,-12,0.75
S24,24,UAV_4,battery_warning,-12,0.75
S24,32,UAV_4,battery_warning,-12,0.75
S24,16,UAV_5,battery_warning,-14,0.75
S24,24,UAV_5,battery_warning,-14,0.75
S24,32,UAV_5,battery_warning,-14,0.75
S24,16,UAV_6,battery_warning,-10,0.75
S24,24,UAV_6,battery_warning,-10,0.75
S24,32,UAV_6,battery_warning,-10,0.75
S24,16,UAV_7,battery_warning,-12,0.75
S24,24,UAV_7,battery_warning,-12,0.75
S24,32,UAV_7,battery_warning,-12,0.75
S25,16,UAV_0,battery_warning,-10,0.75
S25,24,UAV_0,battery_warning,-10,0.75
S25,32,UAV_0,battery_warning,-10,0.75
S25,16,UAV_1,battery_warning,-12,0.75
S25,24,UAV_1,battery_warning,-12,0.75
S25,32,UAV_1,battery_warning,-12,0.75
S25,16,UAV_2,battery_warning,-14,0.75
S25,24,UAV_2,battery_warning,-14,0.75
S25,32,UAV_2,battery_warning,-14,0.75
S25,16,UAV_3,battery_warning,-10,0.75
S25,24,UAV_3,battery_warning,-10,0.75
S25,32,UAV_3,battery_warning,-10,0.75
S25,16,UAV_4,battery_warning,-12,0.75
S25,24,UAV_4,battery_warning,-12,0.75
S25,32,UAV_4,battery_warning,-12,0.75
S25,16,UAV_5,battery_warning,-14,0.75
S25,24,UAV_5,battery_warning,-14,0.75
S25,32,UAV_5,battery_warning,-14,0.75
S25,16,UAV_6,battery_warning,-10,0.75
S25,24,UAV_6,battery_warning,-10,0.75
S25,32,UAV_6,battery_warning,-10,0.75
S25,16,UAV_7,battery_warning,-12,0.75
S25,24,UAV_7,battery_warning,-12,0.75
S25,32,UAV_7,battery_warning,-12,0.75
S26,16,UAV_0,battery_warning,-10,0.75
S26,24,UAV_0,battery_warning,-10,0.75
S26,32,UAV_0,battery_warning,-10,0.75
S26,16,UAV_1,battery_warning,-12,0.75
S26,24,UAV_1,battery_warning,-12,0.75
S26,32,UAV_1,battery_warning,-12,0.75
S26,16,UAV_2,battery_warning,-14,0.75
S26,24,UAV_2,battery_warning,-14,0.75
S26,32,UAV_2,battery_warning,-14,0.75
S26,16,UAV_3,battery_warning,-10,0.75
S26,24,UAV_3,battery_warning,-10,0.75
S26,32,UAV_3,battery_warning,-10,0.75
S26,16,UAV_4,battery_warning,-12,0.75
S26,24,UAV_4,battery_warning,-12,0.75
S26,32,UAV_4,battery_warning,-12,0.75
S26,16,UAV_5,battery_warning,-14,0.75
S26,24,UAV_5,battery_warning,-14,0.75
S26,32,UAV_5,battery_warning,-14,0.75
S26,16,UAV_6,battery_warning,-10,0.75
S26,24,UAV_6,battery_warning,-10,0.75
S26,32,UAV_6,battery_warning,-10,0.75
S26,16,UAV_7,battery_warning,-12,0.75
S26,24,UAV_7,battery_warning,-12,0.75
S26,32,UAV_7,battery_warning,-12,0.75
S27,16,UAV_0,battery_warning,-10,0.75
S27,24,UAV_0,battery_warning,-10,0.75
S27,32,UAV_0,battery_warning,-10,0.75
S27,16,UAV_1,battery_warning,-12,0.75
S27,24,UAV_1,battery_warning,-12,0.75
S27,32,UAV_1,battery_warning,-12,0.75
S27,16,UAV_2,battery_warning,-14,0.75
S27,24,UAV_2,battery_warning,-14,0.75
S27,32,UAV_2,battery_warning,-14,0.75
S27,16,UAV_3,battery_warning,-10,0.75
S27,24,UAV_3,battery_warning,-10,0.75
S27,32,UAV_3,battery_warning,-10,0.75
S27,16,UAV_4,battery_warning,-12,0.75
S27,24,UAV_4,battery_warning,-12,0.75
S27,32,UAV_4,battery_warning,-12,0.75
S27,16,UAV_5,battery_warning,-14,0.75
S27,24,UAV_5,battery_warning,-14,0.75
S27,32,UAV_5,battery_warning,-14,0.75
S27,16,UAV_6,battery_warning,-10,0.75
S27,24,UAV_6,battery_warning,-10,0.75
S27,32,UAV_6,battery_warning,-10,0.75
S27,16,UAV_7,battery_warning,-12,0.75
S27,24,UAV_7,battery_warning,-12,0.75
S27,32,UAV_7,battery_warning,-12,0.75
S28,16,UAV_0,battery_warning,-10,0.75
S28,24,UAV_0,battery_warning,-10,0.75
S28,32,UAV_0,battery_warning,-10,0.75
S28,16,UAV_1,battery_warning,-12,0.75
S28,24,UAV_1,battery_warning,-12,0.75
S28,32,UAV_1,battery_warning,-12,0.75
S28,16,UAV_2,battery_warning,-14,0.75
S28,24,UAV_2,battery_warning,-14,0.75
S28,32,UAV_2,battery_warning,-14,0.75
S28,16,UAV_3,battery_warning,-10,0.75
S28,24,UAV_3,battery_warning,-10,0.75
S28,32,UAV_3,battery_warning,-10,0.75
S28,16,UAV_4,battery_warning,-12,0.75
S28,24,UAV_4,battery_warning,-12,0.75
S28,32,UAV_4,battery_warning,-12,0.75
S28,16,UAV_5,battery_warning,-14,0.75
S28,24,UAV_5,battery_warning,-14,0.75
S28,32,UAV_5,battery_warning,-14,0.75
S28,16,UAV_6,battery_warning,-10,0.75
S28,24,UAV_6,battery_warning,-10,0.75
S28,32,UAV_6,battery_warning,-10,0.75
S28,16,UAV_7,battery_warning,-12,0.75
S28,24,UAV_7,battery_warning,-12,0.75
S28,32,UAV_7,battery_warning,-12,0.75
S29,16,UAV_0,battery_warning,-10,0.75
S29,24,UAV_0,battery_warning,-10,0.75
S29,32,UAV_0,battery_warning,-10,0.75
S29,16,UAV_1,battery_warning,-12,0.75
S29,24,UAV_1,battery_warning,-12,0.75
S29,32,UAV_1,battery_warning,-12,0.75
S29,16,UAV_2,battery_warning,-14,0.75
S29,24,UAV_2,battery_warning,-14,0.75
S29,32,UAV_2,battery_warning,-14,0.75
S29,16,UAV_3,battery_warning,-10,0.75
S29,24,UAV_3,battery_warning,-10,0.75
S29,32,UAV_3,battery_warning,-10,0.75
S29,16,UAV_4,battery_warning,-12,0.75
S29,24,UAV_4,battery_warning,-12,0.75
S29,32,UAV_4,battery_warning,-12,0.75
S29,16,UAV_5,battery_warning,-14,0.75
S29,24,UAV_5,battery_warning,-14,0.75
S29,32,UAV_5,battery_warning,-14,0.75
S29,16,UAV_6,battery_warning,-10,0.75
S29,24,UAV_6,battery_warning,-10,0.75
S29,32,UAV_6,battery_warning,-10,0.75
S29,16,UAV_7,battery_warning,-12,0.75
S29,24,UAV_7,battery_warning,-12,0.75
S29,32,UAV_7,battery_warning,-12,0.75
S30,16,UAV_0,battery_warning,-10,0.75
S30,24,UAV_0,battery_warning,-10,0.75
S30,32,UAV_0,battery_warning,-10,0.75
S30,16,UAV_1,battery_warning,-12,0.75
S30,24,UAV_1,battery_warning,-12,0.75
S30,32,UAV_1,battery_warning,-12,0.75
S30,16,UAV_2,battery_warning,-14,0.75
S30,24,UAV_2,battery_warning,-14,0.75
S30,32,UAV_2,battery_warning,-14,0.75
S30,16,UAV_3,battery_warning,-10,0.75
S30,24,UAV_3,battery_warning,-10,0.75
S30,32,UAV_3,battery_warning,-10,0.75
S30,16,UAV_4,battery_warning,-12,0.75
S30,24,UAV_4,battery_warning,-12,0.75
S30,32,UAV_4,battery_warning,-12,0.75
S30,16,UAV_5,battery_warning,-14,0.75
S30,24,UAV_5,battery_warning,-14,0.75
S30,32,UAV_5,battery_warning,-14,0.75
S30,16,UAV_6,battery_warning,-10,0.75
S30,24,UAV_6,battery_warning,-10,0.75
S30,32,UAV_6,battery_warning,-10,0.75
S30,16,UAV_7,battery_warning,-12,0.75
S30,24,UAV_7,battery_warning,-12,0.75
S30,32,UAV_7,battery_warning,-12,0.75
S31,16,UAV_0,battery_warning,-10,0.75
S31,24,UAV_0,battery_warning,-10,0.75
S31,32,UAV_0,battery_warning,-10,0.75
S31,16,UAV_1,battery_warning,-12,0.75
S31,24,UAV_1,battery_warning,-12,0.75
S31,32,UAV_1,battery_warning,-12,0.75
S31,16,UAV_2,battery_warning,-14,0.75
S31,24,UAV_2,battery_warning,-14,0.75
S31,32,UAV_2,battery_warning,-14,0.75
S31,16,UAV_3,battery_warning,-10,0.75
S31,24,UAV_3,battery_warning,-10,0.75
S31,32,UAV_3,battery_warning,-10,0.75
S31,16,UAV_4,battery_warning,-12,0.75
S31,24,UAV_4,battery_warning,-12,0.75
S31,32,UAV_4,battery_warning,-12,0.75
S31,16,UAV_5,battery_warning,-14,0.75
S31,24,UAV_5,battery_warning,-14,0.75
S31,32,UAV_5,battery_warning,-14,0.75
S31,16,UAV_6,battery_warning,-10,0.75
S31,24,UAV_6,battery_warning,-10,0.75
S31,32,UAV_6,battery_warning,-10,0.75
S31,16,UAV_7,battery_warning,-12,0.75
S31,24,UAV_7,battery_warning,-12,0.75
S31,32,UAV_7,battery_warning,-12,0.75
S32,16,UAV_0,battery_warning,-10,0.75
S32,24,UAV_0,battery_warning,-10,0.75
S32,32,UAV_0,battery_warning,-10,0.75
S32,16,UAV_1,battery_warning,-12,0.75
S32,24,UAV_1,battery_warning,-12,0.75
S32,32,UAV_1,battery_warning,-12,0.75
S32,16,UAV_2,battery_warning,-14,0.75
S32,24,UAV_2,battery_warning,-14,0.75
S32,32,UAV_2,battery_warning,-14,0.75
S32,16,UAV_3,battery_warning,-10,0.75
S32,24,UAV_3,battery_warning,-10,0.75
S32,32,UAV_3,battery_warning,-10,0.75
S32,16,UAV_4,battery_warning,-12,0.75
S32,24,UAV_4,battery_warning,-12,0.75
S32,32,UAV_4,battery_warning,-12,0.75
S32,16,UAV_5,battery_warning,-14,0.75
S32,24,UAV_5,battery_warning,-14,0.75
S32,32,UAV_5,battery_warning,-14,0.75
S32,16,UAV_6,battery_warning,-10,0.75
S32,24,UAV_6,battery_warning,-10,0.75
S32,32,UAV_6,battery_warning,-10,0.75
S32,16,UAV_7,battery_warning,-12,0.75
S32,24,UAV_7,battery_warning,-12,0.75
S32,32,UAV_7,battery_warning,-12,0.75
S33,16,UAV_0,battery_warning,-10,0.75
S33,24,UAV_0,battery_warning,-10,0.75
S33,32,UAV_0,battery_warning,-10,0.75
S33,16,UAV_1,battery_warning,-12,0.75
S33,24,UAV_1,battery_warning,-12,0.75
S33,32,UAV_1,battery_warning,-12,0.75
S33,16,UAV_2,battery_warning,-14,0.75
S33,24,UAV_2,battery_warning,-14,0.75
S33,32,UAV_2,battery_warning,-14,0.75
S33,16,UAV_3,battery_warning,-10,0.75
S33,24,UAV_3,battery_warning,-10,0.75
S33,32,UAV_3,battery_warning,-10,0.75
S33,16,UAV_4,battery_warning,-12,0.75
S33,24,UAV_4,battery_warning,-12,0.75
S33,32,UAV_4,battery_warning,-12,0.75
S33,16,UAV_5,battery_warning,-14,0.75
S33,24,UAV_5,battery_warning,-14,0.75
S33,32,UAV_5,battery_warning,-14,0.75
S33,16,UAV_6,battery_warning,-10,0.75
S33,24,UAV_6,battery_warning,-10,0.75
S33,32,UAV_6,battery_warning,-10,0.75
S33,16,UAV_7,battery_warning,-12,0.75
S33,24,UAV_7,battery_warning,-12,0.75
S33,32,UAV_7,battery_warning,-12,0.75
S34,16,UAV_0,battery_warning,-10,0.75
S34,24,UAV_0,battery_warning,-10,0.75
S34,32,UAV_0,battery_warning,-10,0.75
S34,16,UAV_1,battery_warning,-12,0.75
S34,24,UAV_1,battery_warning,-12,0.75
S34,32,UAV_1,battery_warning,-12,0.75
S34,16,UAV_2,battery_warning,-14,0.75
S34,24,UAV_2,battery_warning,-14,0.75
S34,32,UAV_2,battery_warning,-14,0.75
S34,16,UAV_3,battery_warning,-10,0.75
S34,24,UAV_3,battery_warning,-10,0.75
S34,32,UAV_3,battery_warning,-10,0.75
S34,16,UAV_4,battery_warning,-12,0.75
S34,24,UAV_4,battery_warning,-12,0.75
S34,32,UAV_4,battery_warning,-12,0.75
S34,16,UAV_5,battery_warning,-14,0.75
S34,24,UAV_5,battery_warning,-14,0.75
S34,32,UAV_5,battery_warning,-14,0.75
S34,16,UAV_6,battery_warning,-10,0.75
S34,24,UAV_6,battery_warning,-10,0.75
S34,32,UAV_6,battery_warning,-10,0.75
S34,16,UAV_7,battery_warning,-12,0.75
S34,24,UAV_7,battery_warning,-12,0.75
S34,32,UAV_7,battery_warning,-12,0.75
S35,16,UAV_0,battery_warning,-10,0.75
S35,24,UAV_0,battery_warning,-10,0.75
S35,32,UAV_0,battery_warning,-10,0.75
S35,16,UAV_1,battery_warning,-12,0.75
S35,24,UAV_1,battery_warning,-12,0.75
S35,32,UAV_1,battery_warning,-12,0.75
S35,16,UAV_2,battery_warning,-14,0.75
S35,24,UAV_2,battery_warning,-14,0.75
S35,32,UAV_2,battery_warning,-14,0.75
S35,16,UAV_3,battery_warning,-10,0.75
S35,24,UAV_3,battery_warning,-10,0.75
S35,32,UAV_3,battery_warning,-10,0.75
S35,16,UAV_4,battery_warning,-12,0.75
S35,24,UAV_4,battery_warning,-12,0.75
S35,32,UAV_4,battery_warning,-12,0.75
S35,16,UAV_5,battery_warning,-14,0.75
S35,24,UAV_5,battery_warning,-14,0.75
S35,32,UAV_5,battery_warning,-14,0.75
S35,16,UAV_6,battery_warning,-10,0.75
S35,24,UAV_6,battery_warning,-10,0.75
S35,32,UAV_6,battery_warning,-10,0.75
S35,16,UAV_7,battery_warning,-12,0.75
S35,24,UAV_7,battery_warning,-12,0.75
S35,32,UAV_7,battery_warning,-12,0.75
S36,16,UAV_0,battery_warning,-10,0.75
S36,24,UAV_0,battery_warning,-10,0.75
S36,32,UAV_0,battery_warning,-10,0.75
S36,16,UAV_1,battery_warning,-12,0.75
S36,24,UAV_1,battery_warning,-12,0.75
S36,32,UAV_1,battery_warning,-12,0.75
S36,16,UAV_2,battery_warning,-14,0.75
S36,24,UAV_2,battery_warning,-14,0.75
S36,32,UAV_2,battery_warning,-14,0.75
S36,16,UAV_3,battery_warning,-10,0.75
S36,24,UAV_3,battery_warning,-10,0.75
S36,32,UAV_3,battery_warning,-10,0.75
S36,16,UAV_4,battery_warning,-12,0.75
S36,24,UAV_4,battery_warning,-12,0.75
S36,32,UAV_4,battery_warning,-12,0.75
S36,16,UAV_5,battery_warning,-14,0.75
S36,24,UAV_5,battery_warning,-14,0.75
S36,32,UAV_5,battery_warning,-14,0.75
S36,16,UAV_6,battery_warning,-10,0.75
S36,24,UAV_6,battery_warning,-10,0.75
S36,32,UAV_6,battery_warning,-10,0.75
S36,16,UAV_7,battery_warning,-12,0.75
S36,24,UAV_7,battery_warning,-12,0.75
S36,32,UAV_7,battery_warning,-12,0.75
S37,16,UAV_0,battery_warning,-10,0.75
S37,24,UAV_0,battery_warning,-10,0.75
S37,32,UAV_0,battery_warning,-10,0.75
S37,16,UAV_1,battery_warning,-12,0.75
S37,24,UAV_1,battery_warning,-12,0.75
S37,32,UAV_1,battery_warning,-12,0.75
S37,16,UAV_2,battery_warning,-14,0.75
S37,24,UAV_2,battery_warning,-14,0.75
S37,32,UAV_2,battery_warning,-14,0.75
S37,16,UAV_3,battery_warning,-10,0.75
S37,24,UAV_3,battery_warning,-10,0.75
S37,32,UAV_3,battery_warning,-10,0.75
S37,16,UAV_4,battery_warning,-12,0.75
S37,24,UAV_4,battery_warning,-12,0.75
S37,32,UAV_4,battery_warning,-12,0.75
S37,16,UAV_5,battery_warning,-14,0.75
S37,24,UAV_5,battery_warning,-14,0.75
S37,32,UAV_5,battery_warning,-14,0.75
S37,16,UAV_6,battery_warning,-10,0.75
S37,24,UAV_6,battery_warning,-10,0.75
S37,32,UAV_6,battery_warning,-10,0.75
S37,16,UAV_7,battery_warning,-12,0.75
S37,24,UAV_7,battery_warning,-12,0.75
S37,32,UAV_7,battery_warning,-12,0.75
S38,16,UAV_0,battery_warning,-10,0.75
S38,24,UAV_0,battery_warning,-10,0.75
S38,32,UAV_0,battery_warning,-10,0.75
S38,16,UAV_1,battery_warning,-12,0.75
S38,24,UAV_1,battery_warning,-12,0.75
S38,32,UAV_1,battery_warning,-12,0.75
S38,16,UAV_2,battery_warning,-14,0.75
S38,24,UAV_2,battery_warning,-14,0.75
S38,32,UAV_2,battery_warning,-14,0.75
S38,16,UAV_3,battery_warning,-10,0.75
S38,24,UAV_3,battery_warning,-10,0.75
S38,32,UAV_3,battery_warning,-10,0.75
S38,16,UAV_4,battery_warning,-12,0.75
S38,24,UAV_4,battery_warning,-12,0.75
S38,32,UAV_4,battery_warning,-12,0.75
S38,16,UAV_5,battery_warning,-14,0.75
S38,24,UAV_5,battery_warning,-14,0.75
S38,32,UAV_5,battery_warning,-14,0.75
S38,16,UAV_6,battery_warning,-10,0.75
S38,24,UAV_6,battery_warning,-10,0.75
S38,32,UAV_6,battery_warning,-10,0.75
S38,16,UAV_7,battery_warning,-12,0.75
S38,24,UAV_7,battery_warning,-12,0.75
S38,32,UAV_7,battery_warning,-12,0.75
S39,16,UAV_0,battery_warning,-10,0.75
S39,24,UAV_0,battery_warning,-10,0.75
S39,32,UAV_0,battery_warning,-10,0.75
S39,16,UAV_1,battery_warning,-12,0.75
S39,24,UAV_1,battery_warning,-12,0.75
S39,32,UAV_1,battery_warning,-12,0.75
S39,16,UAV_2,battery_warning,-14,0.75
S39,24,UAV_2,battery_warning,-14,0.75
S39,32,UAV_2,battery_warning,-14,0.75
S39,16,UAV_3,battery_warning,-10,0.75
S39,24,UAV_3,battery_warning,-10,0.75
S39,32,UAV_3,battery_warning,-10,0.75
S39,16,UAV_4,battery_warning,-12,0.75
S39,24,UAV_4,battery_warning,-12,0.75
S39,32,UAV_4,battery_warning,-12,0.75
S39,16,UAV_5,battery_warning,-14,0.75
S39,24,UAV_5,battery_warning,-14,0.75
S39,32,UAV_5,battery_warning,-14,0.75
S39,16,UAV_6,battery_warning,-10,0.75
S39,24,UAV_6,battery_warning,-10,0.75
S39,32,UAV_6,battery_warning,-10,0.75
S39,16,UAV_7,battery_warning,-12,0.75
S39,24,UAV_7,battery_warning,-12,0.75
S39,32,UAV_7,battery_warning,-12,0.75
S40,16,UAV_0,battery_warning,-10,0.75
S40,24,UAV_0,battery_warning,-10,0.75
S40,32,UAV_0,battery_warning,-10,0.75
S40,16,UAV_1,battery_warning,-12,0.75
S40,24,UAV_1,battery_warning,-12,0.75
S40,32,UAV_1,battery_warning,-12,0.75
S40,16,UAV_2,battery_warning,-14,0.75
S40,24,UAV_2,battery_warning,-14,0.75
S40,32,UAV_2,battery_warning,-14,0.75
S40,16,UAV_3,battery_warning,-10,0.75
S40,24,UAV_3,battery_warning,-10,0.75
S40,32,UAV_3,battery_warning,-10,0.75
S40,16,UAV_4,battery_warning,-12,0.75
S40,24,UAV_4,battery_warning,-12,0.75
S40,32,UAV_4,battery_warning,-12,0.75
S40,16,UAV_5,battery_warning,-14,0.75
S40,24,UAV_5,battery_warning,-14,0.75
S40,32,UAV_5,battery_warning,-14,0.75
S40,16,UAV_6,battery_warning,-10,0.75
S40,24,UAV_6,battery_warning,-10,0.75
S40,32,UAV_6,battery_warning,-10,0.75
S40,16,UAV_7,battery_warning,-12,0.75
S40,24,UAV_7,battery_warning,-12,0.75
S40,32,UAV_7,battery_warning,-12,0.75
S41,16,UAV_0,battery_warning,-10,0.75
S41,24,UAV_0,battery_warning,-10,0.75
S41,32,UAV_0,battery_warning,-10,0.75
S41,16,UAV_1,battery_warning,-12,0.75
S41,24,UAV_1,battery_warning,-12,0.75
S41,32,UAV_1,battery_warning,-12,0.75
S41,16,UAV_2,battery_warning,-14,0.75
S41,24,UAV_2,battery_warning,-14,0.75
S41,32,UAV_2,battery_warning,-14,0.75
S41,16,UAV_3,battery_warning,-10,0.75
S41,24,UAV_3,battery_warning,-10,0.75
S41,32,UAV_3,battery_warning,-10,0.75
S41,16,UAV_4,battery_warning,-12,0.75
S41,24,UAV_4,battery_warning,-12,0.75
S41,32,UAV_4,battery_warning,-12,0.75
S41,16,UAV_5,battery_warning,-14,0.75
S41,24,UAV_5,battery_warning,-14,0.75
S41,32,UAV_5,battery_warning,-14,0.75
S41,16,UAV_6,battery_warning,-10,0.75
S41,24,UAV_6,battery_warning,-10,0.75
S41,32,UAV_6,battery_warning,-10,0.75
S41,16,UAV_7,battery_warning,-12,0.75
S41,24,UAV_7,battery_warning,-12,0.75
S41,32,UAV_7,battery_warning,-12,0.75
S42,16,UAV_0,battery_warning,-10,0.75
S42,24,UAV_0,battery_warning,-10,0.75
S42,32,UAV_0,battery_warning,-10,0.75
S42,16,UAV_1,battery_warning,-12,0.75
S42,24,UAV_1,battery_warning,-12,0.75
S42,32,UAV_1,battery_warning,-12,0.75
S42,16,UAV_2,battery_warning,-14,0.75
S42,24,UAV_2,battery_warning,-14,0.75
S42,32,UAV_2,battery_warning,-14,0.75
S42,16,UAV_3,battery_warning,-10,0.75
S42,24,UAV_3,battery_warning,-10,0.75
S42,32,UAV_3,battery_warning,-10,0.75
S42,16,UAV_4,battery_warning,-12,0.75
S42,24,UAV_4,battery_warning,-12,0.75
S42,32,UAV_4,battery_warning,-12,0.75
S42,16,UAV_5,battery_warning,-14,0.75
S42,24,UAV_5,battery_warning,-14,0.75
S42,32,UAV_5,battery_warning,-14,0.75
S42,16,UAV_6,battery_warning,-10,0.75
S42,24,UAV_6,battery_warning,-10,0.75
S42,32,UAV_6,battery_warning,-10,0.75
S42,16,UAV_7,battery_warning,-12,0.75
S42,24,UAV_7,battery_warning,-12,0.75
S42,32,UAV_7,battery_warning,-12,0.75
S43,16,UAV_0,battery_warning,-10,0.75
S43,24,UAV_0,battery_warning,-10,0.75
S43,32,UAV_0,battery_warning,-10,0.75
S43,16,UAV_1,battery_warning,-12,0.75
S43,24,UAV_1,battery_warning,-12,0.75
S43,32,UAV_1,battery_warning,-12,0.75
S43,16,UAV_2,battery_warning,-14,0.75
S43,24,UAV_2,battery_warning,-14,0.75
S43,32,UAV_2,battery_warning,-14,0.75
S43,16,UAV_3,battery_warning,-10,0.75
S43,24,UAV_3,battery_warning,-10,0.75
S43,32,UAV_3,battery_warning,-10,0.75
S43,16,UAV_4,battery_warning,-12,0.75
S43,24,UAV_4,battery_warning,-12,0.75
S43,32,UAV_4,battery_warning,-12,0.75
S43,16,UAV_5,battery_warning,-14,0.75
S43,24,UAV_5,battery_warning,-14,0.75
S43,32,UAV_5,battery_warning,-14,0.75
S43,16,UAV_6,battery_warning,-10,0.75
S43,24,UAV_6,battery_warning,-10,0.75
S43,32,UAV_6,battery_warning,-10,0.75
S43,16,UAV_7,battery_warning,-12,0.75
S43,24,UAV_7,battery_warning,-12,0.75
S43,32,UAV_7,battery_warning,-12,0.75
S44,16,UAV_0,battery_warning,-10,0.75
S44,24,UAV_0,battery_warning,-10,0.75
S44,32,UAV_0,battery_warning,-10,0.75
S44,16,UAV_1,battery_warning,-12,0.75
S44,24,UAV_1,battery_warning,-12,0.75
S44,32,UAV_1,battery_warning,-12,0.75
S44,16,UAV_2,battery_warning,-14,0.75
S44,24,UAV_2,battery_warning,-14,0.75
S44,32,UAV_2,battery_warning,-14,0.75
S44,16,UAV_3,battery_warning,-10,0.75
S44,24,UAV_3,battery_warning,-10,0.75
S44,32,UAV_3,battery_warning,-10,0.75
S44,16,UAV_4,battery_warning,-12,0.75
S44,24,UAV_4,battery_warning,-12,0.75
S44,32,UAV_4,battery_warning,-12,0.75
S44,16,UAV_5,battery_warning,-14,0.75
S44,24,UAV_5,battery_warning,-14,0.75
S44,32,UAV_5,battery_warning,-14,0.75
S44,16,UAV_6,battery_warning,-10,0.75
S44,24,UAV_6,battery_warning,-10,0.75
S44,32,UAV_6,battery_warning,-10,0.75
S44,16,UAV_7,battery_warning,-12,0.75
S44,24,UAV_7,battery_warning,-12,0.75
S44,32,UAV_7,battery_warning,-12,0.75
S45,16,UAV_0,battery_warning,-10,0.75
S45,24,UAV_0,battery_warning,-10,0.75
S45,32,UAV_0,battery_warning,-10,0.75
S45,16,UAV_1,battery_warning,-12,0.75
S45,24,UAV_1,battery_warning,-12,0.75
S45,32,UAV_1,battery_warning,-12,0.75
S45,16,UAV_2,battery_warning,-14,0.75
S45,24,UAV_2,battery_warning,-14,0.75
S45,32,UAV_2,battery_warning,-14,0.75
S45,16,UAV_3,battery_warning,-10,0.75
S45,24,UAV_3,battery_warning,-10,0.75
S45,32,UAV_3,battery_warning,-10,0.75
S45,16,UAV_4,battery_warning,-12,0.75
S45,24,UAV_4,battery_warning,-12,0.75
S45,32,UAV_4,battery_warning,-12,0.75
S45,16,UAV_5,battery_warning,-14,0.75
S45,24,UAV_5,battery_warning,-14,0.75
S45,32,UAV_5,battery_warning,-14,0.75
S45,16,UAV_6,battery_warning,-10,0.75
S45,24,UAV_6,battery_warning,-10,0.75
S45,32,UAV_6,battery_warning,-10,0.75
S45,16,UAV_7,battery_warning,-12,0.75
S45,24,UAV_7,battery_warning,-12,0.75
S45,32,UAV_7,battery_warning,-12,0.75
S46,16,UAV_0,battery_warning,-10,0.75
S46,24,UAV_0,battery_warning,-10,0.75
S46,32,UAV_0,battery_warning,-10,0.75
S46,16,UAV_1,battery_warning,-12,0.75
S46,24,UAV_1,battery_warning,-12,0.75
S46,32,UAV_1,battery_warning,-12,0.75
S46,16,UAV_2,battery_warning,-14,0.75
S46,24,UAV_2,battery_warning,-14,0.75
S46,32,UAV_2,battery_warning,-14,0.75
S46,16,UAV_3,battery_warning,-10,0.75
S46,24,UAV_3,battery_warning,-10,0.75
S46,32,UAV_3,battery_warning,-10,0.75
S46,16,UAV_4,battery_warning,-12,0.75
S46,24,UAV_4,battery_warning,-12,0.75
S46,32,UAV_4,battery_warning,-12,0.75
S46,16,UAV_5,battery_warning,-14,0.75
S46,24,UAV_5,battery_warning,-14,0.75
S46,32,UAV_5,battery_warning,-14,0.75
S46,16,UAV_6,battery_warning,-10,0.75
S46,24,UAV_6,battery_warning,-10,0.75
S46,32,UAV_6,battery_warning,-10,0.75
S46,16,UAV_7,battery_warning,-12,0.75
S46,24,UAV_7,battery_warning,-12,0.75
S46,32,UAV_7,battery_warning,-12,0.75
S47,16,UAV_0,battery_warning,-10,0.75
S47,24,UAV_0,battery_warning,-10,0.75
S47,32,UAV_0,battery_warning,-10,0.75
S47,16,UAV_1,battery_warning,-12,0.75
S47,24,UAV_1,battery_warning,-12,0.75
S47,32,UAV_1,battery_warning,-12,0.75
S47,16,UAV_2,battery_warning,-14,0.75
S47,24,UAV_2,battery_warning,-14,0.75
S47,32,UAV_2,battery_warning,-14,0.75
S47,16,UAV_3,battery_warning,-10,0.75
S47,24,UAV_3,battery_warning,-10,0.75
S47,32,UAV_3,battery_warning,-10,0.75
S47,16,UAV_4,battery_warning,-12,0.75
S47,24,UAV_4,battery_warning,-12,0.75
S47,32,UAV_4,battery_warning,-12,0.75
S47,16,UAV_5,battery_warning,-14,0.75
S47,24,UAV_5,battery_warning,-14,0.75
S47,32,UAV_5,battery_warning,-14,0.75
S47,16,UAV_6,battery_warning,-10,0.75
S47,24,UAV_6,battery_warning,-10,0.75
S47,32,UAV_6,battery_warning,-10,0.75
S47,16,UAV_7,battery_warning,-12,0.75
S47,24,UAV_7,battery_warning,-12,0.75
S47,32,UAV_7,battery_warning,-12,0.75
S48,16,UAV_0,battery_warning,-10,0.75
S48,24,UAV_0,battery_warning,-10,0.75
S48,32,UAV_0,battery_warning,-10,0.75
S48,16,UAV_1,battery_warning,-12,0.75
S48,24,UAV_1,battery_warning,-12,0.75
S48,32,UAV_1,battery_warning,-12,0.75
S48,16,UAV_2,battery_warning,-14,0.75
S48,24,UAV_2,battery_warning,-14,0.75
S48,32,UAV_2,battery_warning,-14,0.75
S48,16,UAV_3,battery_warning,-10,0.75
S48,24,UAV_3,battery_warning,-10,0.75
S48,32,UAV_3,battery_warning,-10,0.75
S48,16,UAV_4,battery_warning,-12,0.75
S48,24,UAV_4,battery_warning,-12,0.75
S48,32,UAV_4,battery_warning,-12,0.75
S48,16,UAV_5,battery_warning,-14,0.75
S48,24,UAV_5,battery_warning,-14,0.75
S48,32,UAV_5,battery_warning,-14,0.75
S48,16,UAV_6,battery_warning,-10,0.75
S48,24,UAV_6,battery_warning,-10,0.75
S48,32,UAV_6,battery_warning,-10,0.75
S48,16,UAV_7,battery_warning,-12,0.75
S48,24,UAV_7,battery_warning,-12,0.75
S48,32,UAV_7,battery_warning,-12,0.75
S49,16,UAV_0,battery_warning,-10,0.75
S49,24,UAV_0,battery_warning,-10,0.75
S49,32,UAV_0,battery_warning,-10,0.75
S49,16,UAV_1,battery_warning,-12,0.75
S49,24,UAV_1,battery_warning,-12,0.75
S49,32,UAV_1,battery_warning,-12,0.75
S49,16,UAV_2,battery_warning,-14,0.75
S49,24,UAV_2,battery_warning,-14,0.75
S49,32,UAV_2,battery_warning,-14,0.75
S49,16,UAV_3,battery_warning,-10,0.75
S49,24,UAV_3,battery_warning,-10,0.75
S49,32,UAV_3,battery_warning,-10,0.75
S49,16,UAV_4,battery_warning,-12,0.75
S49,24,UAV_4,battery_warning,-12,0.75
S49,32,UAV_4,battery_warning,-12,0.75
S49,16,UAV_5,battery_warning,-14,0.75
S49,24,UAV_5,battery_warning,-14,0.75
S49,32,UAV_5,battery_warning,-14,0.75
S49,16,UAV_6,battery_warning,-10,0.75
S49,24,UAV_6,battery_warning,-10,0.75
S49,32,UAV_6,battery_warning,-10,0.75
S49,16,UAV_7,battery_warning,-12,0.75
S49,24,UAV_7,battery_warning,-12,0.75
S49,32,UAV_7,battery_warning,-12,0.75
S50,16,UAV_0,battery_warning,-10,0.75
S50,24,UAV_0,battery_warning,-10,0.75
S50,32,UAV_0,battery_warning,-10,0.75
S50,16,UAV_1,battery_warning,-12,0.75
S50,24,UAV_1,battery_warning,-12,0.75
S50,32,UAV_1,battery_warning,-12,0.75
S50,16,UAV_2,battery_warning,-14,0.75
S50,24,UAV_2,battery_warning,-14,0.75
S50,32,UAV_2,battery_warning,-14,0.75
S50,16,UAV_3,battery_warning,-10,0.75
S50,24,UAV_3,battery_warning,-10,0.75
S50,32,UAV_3,battery_warning,-10,0.75
S50,16,UAV_4,battery_warning,-12,0.75
S50,24,UAV_4,battery_warning,-12,0.75
S50,32,UAV_4,battery_warning,-12,0.75
S50,16,UAV_5,battery_warning,-14,0.75
S50,24,UAV_5,battery_warning,-14,0.75
S50,32,UAV_5,battery_warning,-14,0.75
S50,16,UAV_6,battery_warning,-10,0.75
S50,24,UAV_6,battery_warning,-10,0.75
S50,32,UAV_6,battery_warning,-10,0.75
S50,16,UAV_7,battery_warning,-12,0.75
S50,24,UAV_7,battery_warning,-12,0.75
S50,32,UAV_7,battery_warning,-12,0.75
S51,16,UAV_0,battery_warning,-10,0.75
S51,24,UAV_0,battery_warning,-10,0.75
S51,32,UAV_0,battery_warning,-10,0.75
S51,16,UAV_1,battery_warning,-12,0.75
S51,24,UAV_1,battery_warning,-12,0.75
S51,32,UAV_1,battery_warning,-12,0.75
S51,16,UAV_2,battery_warning,-14,0.75
S51,24,UAV_2,battery_warning,-14,0.75
S51,32,UAV_2,battery_warning,-14,0.75
S51,16,UAV_3,battery_warning,-10,0.75
S51,24,UAV_3,battery_warning,-10,0.75
S51,32,UAV_3,battery_warning,-10,0.75
S51,16,UAV_4,battery_warning,-12,0.75
S51,24,UAV_4,battery_warning,-12,0.75
S51,32,UAV_4,battery_warning,-12,0.75
S51,16,UAV_5,battery_warning,-14,0.75
S51,24,UAV_5,battery_warning,-14,0.75
S51,32,UAV_5,battery_warning,-14,0.75
S51,16,UAV_6,battery_warning,-10,0.75
S51,24,UAV_6,battery_warning,-10,0.75
S51,32,UAV_6,battery_warning,-10,0.75
S51,16,UAV_7,battery_warning,-12,0.75
S51,24,UAV_7,battery_warning,-12,0.75
S51,32,UAV_7,battery_warning,-12,0.75
S52,16,UAV_0,battery_warning,-10,0.75
S52,24,UAV_0,battery_warning,-10,0.75
S52,32,UAV_0,battery_warning,-10,0.75
S52,16,UAV_1,battery_warning,-12,0.75
S52,24,UAV_1,battery_warning,-12,0.75
S52,32,UAV_1,battery_warning,-12,0.75
S52,16,UAV_2,battery_warning,-14,0.75
S52,24,UAV_2,battery_warning,-14,0.75
S52,32,UAV_2,battery_warning,-14,0.75
S52,16,UAV_3,battery_warning,-10,0.75
S52,24,UAV_3,battery_warning,-10,0.75
S52,32,UAV_3,battery_warning,-10,0.75
S52,16,UAV_4,battery_warning,-12,0.75
S52,24,UAV_4,battery_warning,-12,0.75
S52,32,UAV_4,battery_warning,-12,0.75
S52,16,UAV_5,battery_warning,-14,0.75
S52,24,UAV_5,battery_warning,-14,0.75
S52,32,UAV_5,battery_warning,-14,0.75
S52,16,UAV_6,battery_warning,-10,0.75
S52,24,UAV_6,battery_warning,-10,0.75
S52,32,UAV_6,battery_warning,-10,0.75
S52,16,UAV_7,battery_warning,-12,0.75
S52,24,UAV_7,battery_warning,-12,0.75
S52,32,UAV_7,battery_warning,-12,0.75
S53,16,UAV_0,battery_warning,-10,0.75
S53,24,UAV_0,battery_warning,-10,0.75
S53,32,UAV_0,battery_warning,-10,0.75
S53,16,UAV_1,battery_warning,-12,0.75
S53,24,UAV_1,battery_warning,-12,0.75
S53,32,UAV_1,battery_warning,-12,0.75
S53,16,UAV_2,battery_warning,-14,0.75
S53,24,UAV_2,battery_warning,-14,0.75
S53,32,UAV_2,battery_warning,-14,0.75
S53,16,UAV_3,battery_warning,-10,0.75
S53,24,UAV_3,battery_warning,-10,0.75
S53,32,UAV_3,battery_warning,-10,0.75
S53,16,UAV_4,battery_warning,-12,0.75
S53,24,UAV_4,battery_warning,-12,0.75
S53,32,UAV_4,battery_warning,-12,0.75
S53,16,UAV_5,battery_warning,-14,0.75
S53,24,UAV_5,battery_warning,-14,0.75
S53,32,UAV_5,battery_warning,-14,0.75
S53,16,UAV_6,battery_warning,-10,0.75
S53,24,UAV_6,battery_warning,-10,0.75
S53,32,UAV_6,battery_warning,-10,0.75
S53,16,UAV_7,battery_warning,-12,0.75
S53,24,UAV_7,battery_warning,-12,0.75
S53,32,UAV_7,battery_warning,-12,0.75
S54,16,UAV_0,battery_warning,-10,0.75
S54,24,UAV_0,battery_warning,-10,0.75
S54,32,UAV_0,battery_warning,-10,0.75
S54,16,UAV_1,battery_warning,-12,0.75
S54,24,UAV_1,battery_warning,-12,0.75
S54,32,UAV_1,battery_warning,-12,0.75
S54,16,UAV_2,battery_warning,-14,0.75
S54,24,UAV_2,battery_warning,-14,0.75
S54,32,UAV_2,battery_warning,-14,0.75
S54,16,UAV_3,battery_warning,-10,0.75
S54,24,UAV_3,battery_warning,-10,0.75
S54,32,UAV_3,battery_warning,-10,0.75
S54,16,UAV_4,battery_warning,-12,0.75
S54,24,UAV_4,battery_warning,-12,0.75
S54,32,UAV_4,battery_warning,-12,0.75
S54,16,UAV_5,battery_warning,-14,0.75
S54,24,UAV_5,battery_warning,-14,0.75
S54,32,UAV_5,battery_warning,-14,0.75
S54,16,UAV_6,battery_warning,-10,0.75
S54,24,UAV_6,battery_warning,-10,0.75
S54,32,UAV_6,battery_warning,-10,0.75
S54,16,UAV_7,battery_warning,-12,0.75
S54,24,UAV_7,battery_warning,-12,0.75
S54,32,UAV_7,battery_warning,-12,0.75
S55,16,UAV_0,battery_warning,-10,0.75
S55,24,UAV_0,battery_warning,-10,0.75
S55,32,UAV_0,battery_warning,-10,0.75
S55,16,UAV_1,battery_warning,-12,0.75
S55,24,UAV_1,battery_warning,-12,0.75
S55,32,UAV_1,battery_warning,-12,0.75
S55,16,UAV_2,battery_warning,-14,0.75
S55,24,UAV_2,battery_warning,-14,0.75
S55,32,UAV_2,battery_warning,-14,0.75
S55,16,UAV_3,battery_warning,-10,0.75
S55,24,UAV_3,battery_warning,-10,0.75
S55,32,UAV_3,battery_warning,-10,0.75
S55,16,UAV_4,battery_warning,-12,0.75
S55,24,UAV_4,battery_warning,-12,0.75
S55,32,UAV_4,battery_warning,-12,0.75
S55,16,UAV_5,battery_warning,-14,0.75
S55,24,UAV_5,battery_warning,-14,0.75
S55,32,UAV_5,battery_warning,-14,0.75
S55,16,UAV_6,battery_warning,-10,0.75
S55,24,UAV_6,battery_warning,-10,0.75
S55,32,UAV_6,battery_warning,-10,0.75
S55,16,UAV_7,battery_warning,-12,0.75
S55,24,UAV_7,battery_warning,-12,0.75
S55,32,UAV_7,battery_warning,-12,0.75
S56,16,UAV_0,battery_warning,-10,0.75
S56,24,UAV_0,battery_warning,-10,0.75
S56,32,UAV_0,battery_warning,-10,0.75
S56,16,UAV_1,battery_warning,-12,0.75
S56,24,UAV_1,battery_warning,-12,0.75
S56,32,UAV_1,battery_warning,-12,0.75
S56,16,UAV_2,battery_warning,-14,0.75
S56,24,UAV_2,battery_warning,-14,0.75
S56,32,UAV_2,battery_warning,-14,0.75
S56,16,UAV_3,battery_warning,-10,0.75
S56,24,UAV_3,battery_warning,-10,0.75
S56,32,UAV_3,battery_warning,-10,0.75
S56,16,UAV_4,battery_warning,-12,0.75
S56,24,UAV_4,battery_warning,-12,0.75
S56,32,UAV_4,battery_warning,-12,0.75
S56,16,UAV_5,battery_warning,-14,0.75
S56,24,UAV_5,battery_warning,-14,0.75
S56,32,UAV_5,battery_warning,-14,0.75
S56,16,UAV_6,battery_warning,-10,0.75
S56,24,UAV_6,battery_warning,-10,0.75
S56,32,UAV_6,battery_warning,-10,0.75
S56,16,UAV_7,battery_warning,-12,0.75
S56,24,UAV_7,battery_warning,-12,0.75
S56,32,UAV_7,battery_warning,-12,0.75
S57,16,UAV_0,battery_warning,-10,0.75
S57,24,UAV_0,battery_warning,-10,0.75
S57,32,UAV_0,battery_warning,-10,0.75
S57,16,UAV_1,battery_warning,-12,0.75
S57,24,UAV_1,battery_warning,-12,0.75
S57,32,UAV_1,battery_warning,-12,0.75
S57,16,UAV_2,battery_warning,-14,0.75
S57,24,UAV_2,battery_warning,-14,0.75
S57,32,UAV_2,battery_warning,-14,0.75
S57,16,UAV_3,battery_warning,-10,0.75
S57,24,UAV_3,battery_warning,-10,0.75
S57,32,UAV_3,battery_warning,-10,0.75
S57,16,UAV_4,battery_warning,-12,0.75
S57,24,UAV_4,battery_warning,-12,0.75
S57,32,UAV_4,battery_warning,-12,0.75
S57,16,UAV_5,battery_warning,-14,0.75
S57,24,UAV_5,battery_warning,-14,0.75
S57,32,UAV_5,battery_warning,-14,0.75
S57,16,UAV_6,battery_warning,-10,0.75
S57,24,UAV_6,battery_warning,-10,0.75
S57,32,UAV_6,battery_warning,-10,0.75
S57,16,UAV_7,battery_warning,-12,0.75
S57,24,UAV_7,battery_warning,-12,0.75
S57,32,UAV_7,battery_warning,-12,0.75
S58,16,UAV_0,battery_warning,-10,0.75
S58,24,UAV_0,battery_warning,-10,0.75
S58,32,UAV_0,battery_warning,-10,0.75
S58,16,UAV_1,battery_warning,-12,0.75
S58,24,UAV_1,battery_warning,-12,0.75
S58,32,UAV_1,battery_warning,-12,0.75
S58,16,UAV_2,battery_warning,-14,0.75
S58,24,UAV_2,battery_warning,-14,0.75
S58,32,UAV_2,battery_warning,-14,0.75
S58,16,UAV_3,battery_warning,-10,0.75
S58,24,UAV_3,battery_warning,-10,0.75
S58,32,UAV_3,battery_warning,-10,0.75
S58,16,UAV_4,battery_warning,-12,0.75
S58,24,UAV_4,battery_warning,-12,0.75
S58,32,UAV_4,battery_warning,-12,0.75
S58,16,UAV_5,battery_warning,-14,0.75
S58,24,UAV_5,battery_warning,-14,0.75
S58,32,UAV_5,battery_warning,-14,0.75
S58,16,UAV_6,battery_warning,-10,0.75
S58,24,UAV_6,battery_warning,-10,0.75
S58,32,UAV_6,battery_warning,-10,0.75
S58,16,UAV_7,battery_warning,-12,0.75
S58,24,UAV_7,battery_warning,-12,0.75
S58,32,UAV_7,battery_warning,-12,0.75
S59,16,UAV_0,battery_warning,-10,0.75
S59,24,UAV_0,battery_warning,-10,0.75
S59,32,UAV_0,battery_warning,-10,0.75
S59,16,UAV_1,battery_warning,-12,0.75
S59,24,UAV_1,battery_warning,-12,0.75
S59,32,UAV_1,battery_warning,-12,0.75
S59,16,UAV_2,battery_warning,-14,0.75
S59,24,UAV_2,battery_warning,-14,0.75
S59,32,UAV_2,battery_warning,-14,0.75
S59,16,UAV_3,battery_warning,-10,0.75
S59,24,UAV_3,battery_warning,-10,0.75
S59,32,UAV_3,battery_warning,-10,0.75
S59,16,UAV_4,battery_warning,-12,0.75
S59,24,UAV_4,battery_warning,-12,0.75
S59,32,UAV_4,battery_warning,-12,0.75
S59,16,UAV_5,battery_warning,-14,0.75
S59,24,UAV_5,battery_warning,-14,0.75
S59,32,UAV_5,battery_warning,-14,0.75
S59,16,UAV_6,battery_warning,-10,0.75
S59,24,UAV_6,battery_warning,-10,0.75
S59,32,UAV_6,battery_warning,-10,0.75
S59,16,UAV_7,battery_warning,-12,0.75
S59,24,UAV_7,battery_warning,-12,0.75
S59,32,UAV_7,battery_warning,-12,0.75
S60,16,UAV_0,battery_warning,-10,0.75
S60,24,UAV_0,battery_warning,-10,0.75
S60,32,UAV_0,battery_warning,-10,0.75
S60,16,UAV_1,battery_warning,-12,0.75
S60,24,UAV_1,battery_warning,-12,0.75
S60,32,UAV_1,battery_warning,-12,0.75
S60,16,UAV_2,battery_warning,-14,0.75
S60,24,UAV_2,battery_warning,-14,0.75
S60,32,UAV_2,battery_warning,-14,0.75
S60,16,UAV_3,battery_warning,-10,0.75
S60,24,UAV_3,battery_warning,-10,0.75
S60,32,UAV_3,battery_warning,-10,0.75
S60,16,UAV_4,battery_warning,-12,0.75
S60,24,UAV_4,battery_warning,-12,0.75
S60,32,UAV_4,battery_warning,-12,0.75
S60,16,UAV_5,battery_warning,-14,0.75
S60,24,UAV_5,battery_warning,-14,0.75
S60,32,UAV_5,battery_warning,-14,0.75
S60,16,UAV_6,battery_warning,-10,0.75
S60,24,UAV_6,battery_warning,-10,0.75
S60,32,UAV_6,battery_warning,-10,0.75
S60,16,UAV_7,battery_warning,-12,0.75
S60,24,UAV_7,battery_warning,-12,0.75
S60,32,UAV_7,battery_warning,-12,0.75
S61,16,UAV_0,battery_warning,-10,0.75
S61,24,UAV_0,battery_warning,-10,0.75
S61,32,UAV_0,battery_warning,-10,0.75
S61,16,UAV_1,battery_warning,-12,0.75
S61,24,UAV_1,battery_warning,-12,0.75
S61,32,UAV_1,battery_warning,-12,0.75
S61,16,UAV_2,battery_warning,-14,0.75
S61,24,UAV_2,battery_warning,-14,0.75
S61,32,UAV_2,battery_warning,-14,0.75
S61,16,UAV_3,battery_warning,-10,0.75
S61,24,UAV_3,battery_warning,-10,0.75
S61,32,UAV_3,battery_warning,-10,0.75
S61,16,UAV_4,battery_warning,-12,0.75
S61,24,UAV_4,battery_warning,-12,0.75
S61,32,UAV_4,battery_warning,-12,0.75
S61,16,UAV_5,battery_warning,-14,0.75
S61,24,UAV_5,battery_warning,-14,0.75
S61,32,UAV_5,battery_warning,-14,0.75
S61,16,UAV_6,battery_warning,-10,0.75
S61,24,UAV_6,battery_warning,-10,0.75
S61,32,UAV_6,battery_warning,-10,0.75
S61,16,UAV_7,battery_warning,-12,0.75
S61,24,UAV_7,battery_warning,-12,0.75
S61,32,UAV_7,battery_warning,-12,0.75
S62,16,UAV_0,battery_warning,-10,0.75
S62,24,UAV_0,battery_warning,-10,0.75
S62,32,UAV_0,battery_warning,-10,0.75
S62,16,UAV_1,battery_warning,-12,0.75
S62,24,UAV_1,battery_warning,-12,0.75
S62,32,UAV_1,battery_warning,-12,0.75
S62,16,UAV_2,battery_warning,-14,0.75
S62,24,UAV_2,battery_warning,-14,0.75
S62,32,UAV_2,battery_warning,-14,0.75
S62,16,UAV_3,battery_warning,-10,0.75
S62,24,UAV_3,battery_warning,-10,0.75
S62,32,UAV_3,battery_warning,-10,0.75
S62,16,UAV_4,battery_warning,-12,0.75
S62,24,UAV_4,battery_warning,-12,0.75
S62,32,UAV_4,battery_warning,-12,0.75
S62,16,UAV_5,battery_warning,-14,0.75
S62,24,UAV_5,battery_warning,-14,0.75
S62,32,UAV_5,battery_warning,-14,0.75
S62,16,UAV_6,battery_warning,-10,0.75
S62,24,UAV_6,battery_warning,-10,0.75
S62,32,UAV_6,battery_warning,-10,0.75
S62,16,UAV_7,battery_warning,-12,0.75
S62,24,UAV_7,battery_warning,-12,0.75
S62,32,UAV_7,battery_warning,-12,0.75
S63,16,UAV_0,battery_warning,-10,0.75
S63,24,UAV_0,battery_warning,-10,0.75
S63,32,UAV_0,battery_warning,-10,0.75
S63,16,UAV_1,battery_warning,-12,0.75
S63,24,UAV_1,battery_warning,-12,0.75
S63,32,UAV_1,battery_warning,-12,0.75
S63,16,UAV_2,battery_warning,-14,0.75
S63,24,UAV_2,battery_warning,-14,0.75
S63,32,UAV_2,battery_warning,-14,0.75
S63,16,UAV_3,battery_warning,-10,0.75
S63,24,UAV_3,battery_warning,-10,0.75
S63,32,UAV_3,battery_warning,-10,0.75
S63,16,UAV_4,battery_warning,-12,0.75
S63,24,UAV_4,battery_warning,-12,0.75
S63,32,UAV_4,battery_warning,-12,0.75
S63,16,UAV_5,battery_warning,-14,0.75
S63,24,UAV_5,battery_warning,-14,0.75
S63,32,UAV_5,battery_warning,-14,0.75
S63,16,UAV_6,battery_warning,-10,0.75
S63,24,UAV_6,battery_warning,-10,0.75
S63,32,UAV_6,battery_warning,-10,0.75
S63,16,UAV_7,battery_warning,-12,0.75
S63,24,UAV_7,battery_warning,-12,0.75
S63,32,UAV_7,battery_warning,-12,0.75
S64,16,UAV_0,battery_warning,-10,0.75
S64,24,UAV_0,battery_warning,-10,0.75
S64,32,UAV_0,battery_warning,-10,0.75
S64,16,UAV_1,battery_warning,-12,0.75
S64,24,UAV_1,battery_warning,-12,0.75
S64,32,UAV_1,battery_warning,-12,0.75
S64,16,UAV_2,battery_warning,-14,0.75
S64,24,UAV_2,battery_warning,-14,0.75
S64,32,UAV_2,battery_warning,-14,0.75
S64,16,UAV_3,battery_warning,-10,0.75
S64,24,UAV_3,battery_warning,-10,0.75
S64,32,UAV_3,battery_warning,-10,0.75
S64,16,UAV_4,battery_warning,-12,0.75
S64,24,UAV_4,battery_warning,-12,0.75
S64,32,UAV_4,battery_warning,-12,0.75
S64,16,UAV_5,battery_warning,-14,0.75
S64,24,UAV_5,battery_warning,-14,0.75
S64,32,UAV_5,battery_warning,-14,0.75
S64,16,UAV_6,battery_warning,-10,0.75
S64,24,UAV_6,battery_warning,-10,0.75
S64,32,UAV_6,battery_warning,-10,0.75
S64,16,UAV_7,battery_warning,-12,0.75
S64,24,UAV_7,battery_warning,-12,0.75
S64,32,UAV_7,battery_warning,-12,0.75
S65,16,UAV_0,battery_warning,-10,0.75
S65,24,UAV_0,battery_warning,-10,0.75
S65,32,UAV_0,battery_warning,-10,0.75
S65,16,UAV_1,battery_warning,-12,0.75
S65,24,UAV_1,battery_warning,-12,0.75
S65,32,UAV_1,battery_warning,-12,0.75
S65,16,UAV_2,battery_warning,-14,0.75
S65,24,UAV_2,battery_warning,-14,0.75
S65,32,UAV_2,battery_warning,-14,0.75
S65,16,UAV_3,battery_warning,-10,0.75
S65,24,UAV_3,battery_warning,-10,0.75
S65,32,UAV_3,battery_warning,-10,0.75
S65,16,UAV_4,battery_warning,-12,0.75
S65,24,UAV_4,battery_warning,-12,0.75
S65,32,UAV_4,battery_warning,-12,0.75
S65,16,UAV_5,battery_warning,-14,0.75
S65,24,UAV_5,battery_warning,-14,0.75
S65,32,UAV_5,battery_warning,-14,0.75
S65,16,UAV_6,battery_warning,-10,0.75
S65,24,UAV_6,battery_warning,-10,0.75
S65,32,UAV_6,battery_warning,-10,0.75
S65,16,UAV_7,battery_warning,-12,0.75
S65,24,UAV_7,battery_warning,-12,0.75
S65,32,UAV_7,battery_warning,-12,0.75
S66,16,UAV_0,battery_warning,-10,0.75
S66,24,UAV_0,battery_warning,-10,0.75
S66,32,UAV_0,battery_warning,-10,0.75
S66,16,UAV_1,battery_warning,-12,0.75
S66,24,UAV_1,battery_warning,-12,0.75
S66,32,UAV_1,battery_warning,-12,0.75
S66,16,UAV_2,battery_warning,-14,0.75
S66,24,UAV_2,battery_warning,-14,0.75
S66,32,UAV_2,battery_warning,-14,0.75
S66,16,UAV_3,battery_warning,-10,0.75
S66,24,UAV_3,battery_warning,-10,0.75
S66,32,UAV_3,battery_warning,-10,0.75
S66,16,UAV_4,battery_warning,-12,0.75
S66,24,UAV_4,battery_warning,-12,0.75
S66,32,UAV_4,battery_warning,-12,0.75
S66,16,UAV_5,battery_warning,-14,0.75
S66,24,UAV_5,battery_warning,-14,0.75
S66,32,UAV_5,battery_warning,-14,0.75
S66,16,UAV_6,battery_warning,-10,0.75
S66,24,UAV_6,battery_warning,-10,0.75
S66,32,UAV_6,battery_warning,-10,0.75
S66,16,UAV_7,battery_warning,-12,0.75
S66,24,UAV_7,battery_warning,-12,0.75
S66,32,UAV_7,battery_warning,-12,0.75
S67,16,UAV_0,battery_warning,-10,0.75
S67,24,UAV_0,battery_warning,-10,0.75
S67,32,UAV_0,battery_warning,-10,0.75
S67,16,UAV_1,battery_warning,-12,0.75
S67,24,UAV_1,battery_warning,-12,0.75
S67,32,UAV_1,battery_warning,-12,0.75
S67,16,UAV_2,battery_warning,-14,0.75
S67,24,UAV_2,battery_warning,-14,0.75
S67,32,UAV_2,battery_warning,-14,0.75
S67,16,UAV_3,battery_warning,-10,0.75
S67,24,UAV_3,battery_warning,-10,0.75
S67,32,UAV_3,battery_warning,-10,0.75
S67,16,UAV_4,battery_warning,-12,0.75
S67,24,UAV_4,battery_warning,-12,0.75
S67,32,UAV_4,battery_warning,-12,0.75
S67,16,UAV_5,battery_warning,-14,0.75
S67,24,UAV_5,battery_warning,-14,0.75
S67,32,UAV_5,battery_warning,-14,0.75
S67,16,UAV_6,battery_warning,-10,0.75
S67,24,UAV_6,battery_warning,-10,0.75
S67,32,UAV_6,battery_warning,-10,0.75
S67,16,UAV_7,battery_warning,-12,0.75
S67,24,UAV_7,battery_warning,-12,0.75
S67,32,UAV_7,battery_warning,-12,0.75
S68,16,UAV_0,battery_warning,-10,0.75
S68,24,UAV_0,battery_warning,-10,0.75
S68,32,UAV_0,battery_warning,-10,0.75
S68,16,UAV_1,battery_warning,-12,0.75
S68,24,UAV_1,battery_warning,-12,0.75
S68,32,UAV_1,battery_warning,-12,0.75
S68,16,UAV_2,battery_warning,-14,0.75
S68,24,UAV_2,battery_warning,-14,0.75
S68,32,UAV_2,battery_warning,-14,0.75
S68,16,UAV_3,battery_warning,-10,0.75
S68,24,UAV_3,battery_warning,-10,0.75
S68,32,UAV_3,battery_warning,-10,0.75
S68,16,UAV_4,battery_warning,-12,0.75
S68,24,UAV_4,battery_warning,-12,0.75
S68,32,UAV_4,battery_warning,-12,0.75
S68,16,UAV_5,battery_warning,-14,0.75
S68,24,UAV_5,battery_warning,-14,0.75
S68,32,UAV_5,battery_warning,-14,0.75
S68,16,UAV_6,battery_warning,-10,0.75
S68,24,UAV_6,battery_warning,-10,0.75
S68,32,UAV_6,battery_warning,-10,0.75
S68,16,UAV_7,battery_warning,-12,0.75
S68,24,UAV_7,battery_warning,-12,0.75
S68,32,UAV_7,battery_warning,-12,0.75
S69,16,UAV_0,battery_warning,-10,0.75
S69,24,UAV_0,battery_warning,-10,0.75
S69,32,UAV_0,battery_warning,-10,0.75
S69,16,UAV_1,battery_warning,-12,0.75
S69,24,UAV_1,battery_warning,-12,0.75
S69,32,UAV_1,battery_warning,-12,0.75
S69,16,UAV_2,battery_warning,-14,0.75
S69,24,UAV_2,battery_warning,-14,0.75
S69,32,UAV_2,battery_warning,-14,0.75
S69,16,UAV_3,battery_warning,-10,0.75
S69,24,UAV_3,battery_warning,-10,0.75
S69,32,UAV_3,battery_warning,-10,0.75
S69,16,UAV_4,battery_warning,-12,0.75
S69,24,UAV_4,battery_warning,-12,0.75
S69,32,UAV_4,battery_warning,-12,0.75
S69,16,UAV_5,battery_warning,-14,0.75
S69,24,UAV_5,battery_warning,-14,0.75
S69,32,UAV_5,battery_warning,-14,0.75
S69,16,UAV_6,battery_warning,-10,0.75
S69,24,UAV_6,battery_warning,-10,0.75
S69,32,UAV_6,battery_warning,-10,0.75
S69,16,UAV_7,battery_warning,-12,0.75
S69,24,UAV_7,battery_warning,-12,0.75
S69,32,UAV_7,battery_warning,-12,0.75
S70,16,UAV_0,battery_warning,-10,0.75
S70,24,UAV_0,battery_warning,-10,0.75
S70,32,UAV_0,battery_warning,-10,0.75
S70,16,UAV_1,battery_warning,-12,0.75
S70,24,UAV_1,battery_warning,-12,0.75
S70,32,UAV_1,battery_warning,-12,0.75
S70,16,UAV_2,battery_warning,-14,0.75
S70,24,UAV_2,battery_warning,-14,0.75
S70,32,UAV_2,battery_warning,-14,0.75
S70,16,UAV_3,battery_warning,-10,0.75
S70,24,UAV_3,battery_warning,-10,0.75
S70,32,UAV_3,battery_warning,-10,0.75
S70,16,UAV_4,battery_warning,-12,0.75
S70,24,UAV_4,battery_warning,-12,0.75
S70,32,UAV_4,battery_warning,-12,0.75
S70,16,UAV_5,battery_warning,-14,0.75
S70,24,UAV_5,battery_warning,-14,0.75
S70,32,UAV_5,battery_warning,-14,0.75
S70,16,UAV_6,battery_warning,-10,0.75
S70,24,UAV_6,battery_warning,-10,0.75
S70,32,UAV_6,battery_warning,-10,0.75
S70,16,UAV_7,battery_warning,-12,0.75
S70,24,UAV_7,battery_warning,-12,0.75
S70,32,UAV_7,battery_warning,-12,0.75
S71,16,UAV_0,battery_warning,-10,0.75
S71,24,UAV_0,battery_warning,-10,0.75
S71,32,UAV_0,battery_warning,-10,0.75
S71,16,UAV_1,battery_warning,-12,0.75
S71,24,UAV_1,battery_warning,-12,0.75
S71,32,UAV_1,battery_warning,-12,0.75
S71,16,UAV_2,battery_warning,-14,0.75
S71,24,UAV_2,battery_warning,-14,0.75
S71,32,UAV_2,battery_warning,-14,0.75
S71,16,UAV_3,battery_warning,-10,0.75
S71,24,UAV_3,battery_warning,-10,0.75
S71,32,UAV_3,battery_warning,-10,0.75
S71,16,UAV_4,battery_warning,-12,0.75
S71,24,UAV_4,battery_warning,-12,0.75
S71,32,UAV_4,battery_warning,-12,0.75
S71,16,UAV_5,battery_warning,-14,0.75
S71,24,UAV_5,battery_warning,-14,0.75
S71,32,UAV_5,battery_warning,-14,0.75
S71,16,UAV_6,battery_warning,-10,0.75
S71,24,UAV_6,battery_warning,-10,0.75
S71,32,UAV_6,battery_warning,-10,0.75
S71,16,UAV_7,battery_warning,-12,0.75
S71,24,UAV_7,battery_warning,-12,0.75
S71,32,UAV_7,battery_warning,-12,0.75
S72,16,UAV_0,battery_warning,-10,0.75
S72,24,UAV_0,battery_warning,-10,0.75
S72,32,UAV_0,battery_warning,-10,0.75
S72,16,UAV_1,battery_warning,-12,0.75
S72,24,UAV_1,battery_warning,-12,0.75
S72,32,UAV_1,battery_warning,-12,0.75
S72,16,UAV_2,battery_warning,-14,0.75
S72,24,UAV_2,battery_warning,-14,0.75
S72,32,UAV_2,battery_warning,-14,0.75
S72,16,UAV_3,battery_warning,-10,0.75
S72,24,UAV_3,battery_warning,-10,0.75
S72,32,UAV_3,battery_warning,-10,0.75
S72,16,UAV_4,battery_warning,-12,0.75
S72,24,UAV_4,battery_warning,-12,0.75
S72,32,UAV_4,battery_warning,-12,0.75
S72,16,UAV_5,battery_warning,-14,0.75
S72,24,UAV_5,battery_warning,-14,0.75
S72,32,UAV_5,battery_warning,-14,0.75
S72,16,UAV_6,battery_warning,-10,0.75
S72,24,UAV_6,battery_warning,-10,0.75
S72,32,UAV_6,battery_warning,-10,0.75
S72,16,UAV_7,battery_warning,-12,0.75
S72,24,UAV_7,battery_warning,-12,0.75
S72,32,UAV_7,battery_warning,-12,0.75
S73,16,UAV_0,battery_warning,-10,0.75
S73,24,UAV_0,battery_warning,-10,0.75
S73,32,UAV_0,battery_warning,-10,0.75
S73,16,UAV_1,battery_warning,-12,0.75
S73,24,UAV_1,battery_warning,-12,0.75
S73,32,UAV_1,battery_warning,-12,0.75
S73,16,UAV_2,battery_warning,-14,0.75
S73,24,UAV_2,battery_warning,-14,0.75
S73,32,UAV_2,battery_warning,-14,0.75
S73,16,UAV_3,battery_warning,-10,0.75
S73,24,UAV_3,battery_warning,-10,0.75
S73,32,UAV_3,battery_warning,-10,0.75
S73,16,UAV_4,battery_warning,-12,0.75
S73,24,UAV_4,battery_warning,-12,0.75
S73,32,UAV_4,battery_warning,-12,0.75
S73,16,UAV_5,battery_warning,-14,0.75
S73,24,UAV_5,battery_warning,-14,0.75
S73,32,UAV_5,battery_warning,-14,0.75
S73,16,UAV_6,battery_warning,-10,0.75
S73,24,UAV_6,battery_warning,-10,0.75
S73,32,UAV_6,battery_warning,-10,0.75
S73,16,UAV_7,battery_warning,-12,0.75
S73,24,UAV_7,battery_warning,-12,0.75
S73,32,UAV_7,battery_warning,-12,0.75
S74,16,UAV_0,battery_warning,-10,0.75
S74,24,UAV_0,battery_warning,-10,0.75
S74,32,UAV_0,battery_warning,-10,0.75
S74,16,UAV_1,battery_warning,-12,0.75
S74,24,UAV_1,battery_warning,-12,0.75
S74,32,UAV_1,battery_warning,-12,0.75
S74,16,UAV_2,battery_warning,-14,0.75
S74,24,UAV_2,battery_warning,-14,0.75
S74,32,UAV_2,battery_warning,-14,0.75
S74,16,UAV_3,battery_warning,-10,0.75
S74,24,UAV_3,battery_warning,-10,0.75
S74,32,UAV_3,battery_warning,-10,0.75
S74,16,UAV_4,battery_warning,-12,0.75
S74,24,UAV_4,battery_warning,-12,0.75
S74,32,UAV_4,battery_warning,-12,0.75
S74,16,UAV_5,battery_warning,-14,0.75
S74,24,UAV_5,battery_warning,-14,0.75
S74,32,UAV_5,battery_warning,-14,0.75
S74,16,UAV_6,battery_warning,-10,0.75
S74,24,UAV_6,battery_warning,-10,0.75
S74,32,UAV_6,battery_warning,-10,0.75
S74,16,UAV_7,battery_warning,-12,0.75
S74,24,UAV_7,battery_warning,-12,0.75
S74,32,UAV_7,battery_warning,-12,0.75
S75,16,UAV_0,battery_warning,-10,0.75
S75,24,UAV_0,battery_warning,-10,0.75
S75,32,UAV_0,battery_warning,-10,0.75
S75,16,UAV_1,battery_warning,-12,0.75
S75,24,UAV_1,battery_warning,-12,0.75
S75,32,UAV_1,battery_warning,-12,0.75
S75,16,UAV_2,battery_warning,-14,0.75
S75,24,UAV_2,battery_warning,-14,0.75
S75,32,UAV_2,battery_warning,-14,0.75
S75,16,UAV_3,battery_warning,-10,0.75
S75,24,UAV_3,battery_warning,-10,0.75
S75,32,UAV_3,battery_warning,-10,0.75
S75,16,UAV_4,battery_warning,-12,0.75
S75,24,UAV_4,battery_warning,-12,0.75
S75,32,UAV_4,battery_warning,-12,0.75
S75,16,UAV_5,battery_warning,-14,0.75
S75,24,UAV_5,battery_warning,-14,0.75
S75,32,UAV_5,battery_warning,-14,0.75
S75,16,UAV_6,battery_warning,-10,0.75
S75,24,UAV_6,battery_warning,-10,0.75
S75,32,UAV_6,battery_warning,-10,0.75
S75,16,UAV_7,battery_warning,-12,0.75
S75,24,UAV_7,battery_warning,-12,0.75
S75,32,UAV_7,battery_warning,-12,0.75
S76,16,UAV_0,battery_warning,-10,0.75
S76,24,UAV_0,battery_warning,-10,0.75
S76,32,UAV_0,battery_warning,-10,0.75
S76,16,UAV_1,battery_warning,-12,0.75
S76,24,UAV_1,battery_warning,-12,0.75
S76,32,UAV_1,battery_warning,-12,0.75
S76,16,UAV_2,battery_warning,-14,0.75
S76,24,UAV_2,battery_warning,-14,0.75
S76,32,UAV_2,battery_warning,-14,0.75
S76,16,UAV_3,battery_warning,-10,0.75
S76,24,UAV_3,battery_warning,-10,0.75
S76,32,UAV_3,battery_warning,-10,0.75
S76,16,UAV_4,battery_warning,-12,0.75
S76,24,UAV_4,battery_warning,-12,0.75
S76,32,UAV_4,battery_warning,-12,0.75
S76,16,UAV_5,battery_warning,-14,0.75
S76,24,UAV_5,battery_warning,-14,0.75
S76,32,UAV_5,battery_warning,-14,0.75
S76,16,UAV_6,battery_warning,-10,0.75
S76,24,UAV_6,battery_warning,-10,0.75
S76,32,UAV_6,battery_warning,-10,0.75
S76,16,UAV_7,battery_warning,-12,0.75
S76,24,UAV_7,battery_warning,-12,0.75
S76,32,UAV_7,battery_warning,-12,0.75
S77,16,UAV_0,battery_warning,-10,0.75
S77,24,UAV_0,battery_warning,-10,0.75
S77,32,UAV_0,battery_warning,-10,0.75
S77,16,UAV_1,battery_warning,-12,0.75
S77,24,UAV_1,battery_warning,-12,0.75
S77,32,UAV_1,battery_warning,-12,0.75
S77,16,UAV_2,battery_warning,-14,0.75
S77,24,UAV_2,battery_warning,-14,0.75
S77,32,UAV_2,battery_warning,-14,0.75
S77,16,UAV_3,battery_warning,-10,0.75
S77,24,UAV_3,battery_warning,-10,0.75
S77,32,UAV_3,battery_warning,-10,0.75
S77,16,UAV_4,battery_warning,-12,0.75
S77,24,UAV_4,battery_warning,-12,0.75
S77,32,UAV_4,battery_warning,-12,0.75
S77,16,UAV_5,battery_warning,-14,0.75
S77,24,UAV_5,battery_warning,-14,0.75
S77,32,UAV_5,battery_warning,-14,0.75
S77,16,UAV_6,battery_warning,-10,0.75
S77,24,UAV_6,battery_warning,-10,0.75
S77,32,UAV_6,battery_warning,-10,0.75
S77,16,UAV_7,battery_warning,-12,0.75
S77,24,UAV_7,battery_warning,-12,0.75
S77,32,UAV_7,battery_warning,-12,0.75
S78,16,UAV_0,battery_warning,-10,0.75
S78,24,UAV_0,battery_warning,-10,0.75
S78,32,UAV_0,battery_warning,-10,0.75
S78,16,UAV_1,battery_warning,-12,0.75
S78,24,UAV_1,battery_warning,-12,0.75
S78,32,UAV_1,battery_warning,-12,0.75
S78,16,UAV_2,battery_warning,-14,0.75
S78,24,UAV_2,battery_warning,-14,0.75
S78,32,UAV_2,battery_warning,-14,0.75
S78,16,UAV_3,battery_warning,-10,0.75
S78,24,UAV_3,battery_warning,-10,0.75
S78,32,UAV_3,battery_warning,-10,0.75
S78,16,UAV_4,battery_warning,-12,0.75
S78,24,UAV_4,battery_warning,-12,0.75
S78,32,UAV_4,battery_warning,-12,0.75
S78,16,UAV_5,battery_warning,-14,0.75
S78,24,UAV_5,battery_warning,-14,0.75
S78,32,UAV_5,battery_warning,-14,0.75
S78,16,UAV_6,battery_warning,-10,0.75
S78,24,UAV_6,battery_warning,-10,0.75
S78,32,UAV_6,battery_warning,-10,0.75
S78,16,UAV_7,battery_warning,-12,0.75
S78,24,UAV_7,battery_warning,-12,0.75
S78,32,UAV_7,battery_warning,-12,0.75
S79,16,UAV_0,battery_warning,-10,0.75
S79,24,UAV_0,battery_warning,-10,0.75
S79,32,UAV_0,battery_warning,-10,0.75
S79,16,UAV_1,battery_warning,-12,0.75
S79,24,UAV_1,battery_warning,-12,0.75
S79,32,UAV_1,battery_warning,-12,0.75
S79,16,UAV_2,battery_warning,-14,0.75
S79,24,UAV_2,battery_warning,-14,0.75
S79,32,UAV_2,battery_warning,-14,0.75
S79,16,UAV_3,battery_warning,-10,0.75
S79,24,UAV_3,battery_warning,-10,0.75
S79,32,UAV_3,battery_warning,-10,0.75
S79,16,UAV_4,battery_warning,-12,0.75
S79,24,UAV_4,battery_warning,-12,0.75
S79,32,UAV_4,battery_warning,-12,0.75
S79,16,UAV_5,battery_warning,-14,0.75
S79,24,UAV_5,battery_warning,-14,0.75
S79,32,UAV_5,battery_warning,-14,0.75
S79,16,UAV_6,battery_warning,-10,0.75
S79,24,UAV_6,battery_warning,-10,0.75
S79,32,UAV_6,battery_warning,-10,0.75
S79,16,UAV_7,battery_warning,-12,0.75
S79,24,UAV_7,battery_warning,-12,0.75
S79,32,UAV_7,battery_warning,-12,0.75
S80,16,UAV_0,battery_warning,-10,0.75
S80,24,UAV_0,battery_warning,-10,0.75
S80,32,UAV_0,battery_warning,-10,0.75
S80,16,UAV_1,battery_warning,-12,0.75
S80,24,UAV_1,battery_warning,-12,0.75
S80,32,UAV_1,battery_warning,-12,0.75
S80,16,UAV_2,battery_warning,-14,0.75
S80,24,UAV_2,battery_warning,-14,0.75
S80,32,UAV_2,battery_warning,-14,0.75
S80,16,UAV_3,battery_warning,-10,0.75
S80,24,UAV_3,battery_warning,-10,0.75
S80,32,UAV_3,battery_warning,-10,0.75
S80,16,UAV_4,battery_warning,-12,0.75
S80,24,UAV_4,battery_warning,-12,0.75
S80,32,UAV_4,battery_warning,-12,0.75
S80,16,UAV_5,battery_warning,-14,0.75
S80,24,UAV_5,battery_warning,-14,0.75
S80,32,UAV_5,battery_warning,-14,0.75
S80,16,UAV_6,battery_warning,-10,0.75
S80,24,UAV_6,battery_warning,-10,0.75
S80,32,UAV_6,battery_warning,-10,0.75
S80,16,UAV_7,battery_warning,-12,0.75
S80,24,UAV_7,battery_warning,-12,0.75
S80,32,UAV_7,battery_warning,-12,0.75
S81,16,UAV_0,battery_warning,-10,0.75
S81,24,UAV_0,battery_warning,-10,0.75
S81,32,UAV_0,battery_warning,-10,0.75
S81,16,UAV_1,battery_warning,-12,0.75
S81,24,UAV_1,battery_warning,-12,0.75
S81,32,UAV_1,battery_warning,-12,0.75
S81,16,UAV_2,battery_warning,-14,0.75
S81,24,UAV_2,battery_warning,-14,0.75
S81,32,UAV_2,battery_warning,-14,0.75
S81,16,UAV_3,battery_warning,-10,0.75
S81,24,UAV_3,battery_warning,-10,0.75
S81,32,UAV_3,battery_warning,-10,0.75
S81,16,UAV_4,battery_warning,-12,0.75
S81,24,UAV_4,battery_warning,-12,0.75
S81,32,UAV_4,battery_warning,-12,0.75
S81,16,UAV_5,battery_warning,-14,0.75
S81,24,UAV_5,battery_warning,-14,0.75
S81,32,UAV_5,battery_warning,-14,0.75
S81,16,UAV_6,battery_warning,-10,0.75
S81,24,UAV_6,battery_warning,-10,0.75
S81,32,UAV_6,battery_warning,-10,0.75
S81,16,UAV_7,battery_warning,-12,0.75
S81,24,UAV_7,battery_warning,-12,0.75
S81,32,UAV_7,battery_warning,-12,0.75
S82,16,UAV_0,battery_warning,-10,0.75
S82,24,UAV_0,battery_warning,-10,0.75
S82,32,UAV_0,battery_warning,-10,0.75
S82,16,UAV_1,battery_warning,-12,0.75
S82,24,UAV_1,battery_warning,-12,0.75
S82,32,UAV_1,battery_warning,-12,0.75
S82,16,UAV_2,battery_warning,-14,0.75
S82,24,UAV_2,battery_warning,-14,0.75
S82,32,UAV_2,battery_warning,-14,0.75
S82,16,UAV_3,battery_warning,-10,0.75
S82,24,UAV_3,battery_warning,-10,0.75
S82,32,UAV_3,battery_warning,-10,0.75
S82,16,UAV_4,battery_warning,-12,0.75
S82,24,UAV_4,battery_warning,-12,0.75
S82,32,UAV_4,battery_warning,-12,0.75
S82,16,UAV_5,battery_warning,-14,0.75
S82,24,UAV_5,battery_warning,-14,0.75
S82,32,UAV_5,battery_warning,-14,0.75
S82,16,UAV_6,battery_warning,-10,0.75
S82,24,UAV_6,battery_warning,-10,0.75
S82,32,UAV_6,battery_warning,-10,0.75
S82,16,UAV_7,battery_warning,-12,0.75
S82,24,UAV_7,battery_warning,-12,0.75
S82,32,UAV_7,battery_warning,-12,0.75
S83,16,UAV_0,battery_warning,-10,0.75
S83,24,UAV_0,battery_warning,-10,0.75
S83,32,UAV_0,battery_warning,-10,0.75
S83,16,UAV_1,battery_warning,-12,0.75
S83,24,UAV_1,battery_warning,-12,0.75
S83,32,UAV_1,battery_warning,-12,0.75
S83,16,UAV_2,battery_warning,-14,0.75
S83,24,UAV_2,battery_warning,-14,0.75
S83,32,UAV_2,battery_warning,-14,0.75
S83,16,UAV_3,battery_warning,-10,0.75
S83,24,UAV_3,battery_warning,-10,0.75
S83,32,UAV_3,battery_warning,-10,0.75
S83,16,UAV_4,battery_warning,-12,0.75
S83,24,UAV_4,battery_warning,-12,0.75
S83,32,UAV_4,battery_warning,-12,0.75
S83,16,UAV_5,battery_warning,-14,0.75
S83,24,UAV_5,battery_warning,-14,0.75
S83,32,UAV_5,battery_warning,-14,0.75
S83,16,UAV_6,battery_warning,-10,0.75
S83,24,UAV_6,battery_warning,-10,0.75
S83,32,UAV_6,battery_warning,-10,0.75
S83,16,UAV_7,battery_warning,-12,0.75
S83,24,UAV_7,battery_warning,-12,0.75
S83,32,UAV_7,battery_warning,-12,0.75
S84,16,UAV_0,battery_warning,-10,0.75
S84,24,UAV_0,battery_warning,-10,0.75
S84,32,UAV_0,battery_warning,-10,0.75
S84,16,UAV_1,battery_warning,-12,0.75
S84,24,UAV_1,battery_warning,-12,0.75
S84,32,UAV_1,battery_warning,-12,0.75
S84,16,UAV_2,battery_warning,-14,0.75
S84,24,UAV_2,battery_warning,-14,0.75
S84,32,UAV_2,battery_warning,-14,0.75
S84,16,UAV_3,battery_warning,-10,0.75
S84,24,UAV_3,battery_warning,-10,0.75
S84,32,UAV_3,battery_warning,-10,0.75
S84,16,UAV_4,battery_warning,-12,0.75
S84,24,UAV_4,battery_warning,-12,0.75
S84,32,UAV_4,battery_warning,-12,0.75
S84,16,UAV_5,battery_warning,-14,0.75
S84,24,UAV_5,battery_warning,-14,0.75
S84,32,UAV_5,battery_warning,-14,0.75
S84,16,UAV_6,battery_warning,-10,0.75
S84,24,UAV_6,battery_warning,-10,0.75
S84,32,UAV_6,battery_warning,-10,0.75
S84,16,UAV_7,battery_warning,-12,0.75
S84,24,UAV_7,battery_warning,-12,0.75
S84,32,UAV_7,battery_warning,-12,0.75
S85,16,UAV_0,battery_warning,-10,0.75
S85,24,UAV_0,battery_warning,-10,0.75
S85,32,UAV_0,battery_warning,-10,0.75
S85,16,UAV_1,battery_warning,-12,0.75
S85,24,UAV_1,battery_warning,-12,0.75
S85,32,UAV_1,battery_warning,-12,0.75
S85,16,UAV_2,battery_warning,-14,0.75
S85,24,UAV_2,battery_warning,-14,0.75
S85,32,UAV_2,battery_warning,-14,0.75
S85,16,UAV_3,battery_warning,-10,0.75
S85,24,UAV_3,battery_warning,-10,0.75
S85,32,UAV_3,battery_warning,-10,0.75
S85,16,UAV_4,battery_warning,-12,0.75
S85,24,UAV_4,battery_warning,-12,0.75
S85,32,UAV_4,battery_warning,-12,0.75
S85,16,UAV_5,battery_warning,-14,0.75
S85,24,UAV_5,battery_warning,-14,0.75
S85,32,UAV_5,battery_warning,-14,0.75
S85,16,UAV_6,battery_warning,-10,0.75
S85,24,UAV_6,battery_warning,-10,0.75
S85,32,UAV_6,battery_warning,-10,0.75
S85,16,UAV_7,battery_warning,-12,0.75
S85,24,UAV_7,battery_warning,-12,0.75
S85,32,UAV_7,battery_warning,-12,0.75
S86,16,UAV_0,battery_warning,-10,0.75
S86,24,UAV_0,battery_warning,-10,0.75
S86,32,UAV_0,battery_warning,-10,0.75
S86,16,UAV_1,battery_warning,-12,0.75
S86,24,UAV_1,battery_warning,-12,0.75
S86,32,UAV_1,battery_warning,-12,0.75
S86,16,UAV_2,battery_warning,-14,0.75
S86,24,UAV_2,battery_warning,-14,0.75
S86,32,UAV_2,battery_warning,-14,0.75
S86,16,UAV_3,battery_warning,-10,0.75
S86,24,UAV_3,battery_warning,-10,0.75
S86,32,UAV_3,battery_warning,-10,0.75
S86,16,UAV_4,battery_warning,-12,0.75
S86,24,UAV_4,battery_warning,-12,0.75
S86,32,UAV_4,battery_warning,-12,0.75
S86,16,UAV_5,battery_warning,-14,0.75
S86,24,UAV_5,battery_warning,-14,0.75
S86,32,UAV_5,battery_warning,-14,0.75
S86,16,UAV_6,battery_warning,-10,0.75
S86,24,UAV_6,battery_warning,-10,0.75
S86,32,UAV_6,battery_warning,-10,0.75
S86,16,UAV_7,battery_warning,-12,0.75
S86,24,UAV_7,battery_warning,-12,0.75
S86,32,UAV_7,battery_warning,-12,0.75
S87,16,UAV_0,battery_warning,-10,0.75
S87,24,UAV_0,battery_warning,-10,0.75
S87,32,UAV_0,battery_warning,-10,0.75
S87,16,UAV_1,battery_warning,-12,0.75
S87,24,UAV_1,battery_warning,-12,0.75
S87,32,UAV_1,battery_warning,-12,0.75
S87,16,UAV_2,battery_warning,-14,0.75
S87,24,UAV_2,battery_warning,-14,0.75
S87,32,UAV_2,battery_warning,-14,0.75
S87,16,UAV_3,battery_warning,-10,0.75
S87,24,UAV_3,battery_warning,-10,0.75
S87,32,UAV_3,battery_warning,-10,0.75
S87,16,UAV_4,battery_warning,-12,0.75
S87,24,UAV_4,battery_warning,-12,0.75
S87,32,UAV_4,battery_warning,-12,0.75
S87,16,UAV_5,battery_warning,-14,0.75
S87,24,UAV_5,battery_warning,-14,0.75
S87,32,UAV_5,battery_warning,-14,0.75
S87,16,UAV_6,battery_warning,-10,0.75
S87,24,UAV_6,battery_warning,-10,0.75
S87,32,UAV_6,battery_warning,-10,0.75
S87,16,UAV_7,battery_warning,-12,0.75
S87,24,UAV_7,battery_warning,-12,0.75
S87,32,UAV_7,battery_warning,-12,0.75
S88,16,UAV_0,battery_warning,-10,0.75
S88,24,UAV_0,battery_warning,-10,0.75
S88,32,UAV_0,battery_warning,-10,0.75
S88,16,UAV_1,battery_warning,-12,0.75
S88,24,UAV_1,battery_warning,-12,0.75
S88,32,UAV_1,battery_warning,-12,0.75
S88,16,UAV_2,battery_warning,-14,0.75
S88,24,UAV_2,battery_warning,-14,0.75
S88,32,UAV_2,battery_warning,-14,0.75
S88,16,UAV_3,battery_warning,-10,0.75
S88,24,UAV_3,battery_warning,-10,0.75
S88,32,UAV_3,battery_warning,-10,0.75
S88,16,UAV_4,battery_warning,-12,0.75
S88,24,UAV_4,battery_warning,-12,0.75
S88,32,UAV_4,battery_warning,-12,0.75
S88,16,UAV_5,battery_warning,-14,0.75
S88,24,UAV_5,battery_warning,-14,0.75
S88,32,UAV_5,battery_warning,-14,0.75
S88,16,UAV_6,battery_warning,-10,0.75
S88,24,UAV_6,battery_warning,-10,0.75
S88,32,UAV_6,battery_warning,-10,0.75
S88,16,UAV_7,battery_warning,-12,0.75
S88,24,UAV_7,battery_warning,-12,0.75
S88,32,UAV_7,battery_warning,-12,0.75
S89,16,UAV_0,battery_warning,-10,0.75
S89,24,UAV_0,battery_warning,-10,0.75
S89,32,UAV_0,battery_warning,-10,0.75
S89,16,UAV_1,battery_warning,-12,0.75
S89,24,UAV_1,battery_warning,-12,0.75
S89,32,UAV_1,battery_warning,-12,0.75
S89,16,UAV_2,battery_warning,-14,0.75
S89,24,UAV_2,battery_warning,-14,0.75
S89,32,UAV_2,battery_warning,-14,0.75
S89,16,UAV_3,battery_warning,-10,0.75
S89,24,UAV_3,battery_warning,-10,0.75
S89,32,UAV_3,battery_warning,-10,0.75
S89,16,UAV_4,battery_warning,-12,0.75
S89,24,UAV_4,battery_warning,-12,0.75
S89,32,UAV_4,battery_warning,-12,0.75
S89,16,UAV_5,battery_warning,-14,0.75
S89,24,UAV_5,battery_warning,-14,0.75
S89,32,UAV_5,battery_warning,-14,0.75
S89,16,UAV_6,battery_warning,-10,0.75
S89,24,UAV_6,battery_warning,-10,0.75
S89,32,UAV_6,battery_warning,-10,0.75
S89,16,UAV_7,battery_warning,-12,0.75
S89,24,UAV_7,battery_warning,-12,0.75
S89,32,UAV_7,battery_warning,-12,0.75
S90,16,UAV_0,battery_warning,-10,0.75
S90,24,UAV_0,battery_warning,-10,0.75
S90,32,UAV_0,battery_warning,-10,0.75
S90,16,UAV_1,battery_warning,-12,0.75
S90,24,UAV_1,battery_warning,-12,0.75
S90,32,UAV_1,battery_warning,-12,0.75
S90,16,UAV_2,battery_warning,-14,0.75
S90,24,UAV_2,battery_warning,-14,0.75
S90,32,UAV_2,battery_warning,-14,0.75
S90,16,UAV_3,battery_warning,-10,0.75
S90,24,UAV_3,battery_warning,-10,0.75
S90,32,UAV_3,battery_warning,-10,0.75
S90,16,UAV_4,battery_warning,-12,0.75
S90,24,UAV_4,battery_warning,-12,0.75
S90,32,UAV_4,battery_warning,-12,0.75
S90,16,UAV_5,battery_warning,-14,0.75
S90,24,UAV_5,battery_warning,-14,0.75
S90,32,UAV_5,battery_warning,-14,0.75
S90,16,UAV_6,battery_warning,-10,0.75
S90,24,UAV_6,battery_warning,-10,0.75
S90,32,UAV_6,battery_warning,-10,0.75
S90,16,UAV_7,battery_warning,-12,0.75
S90,24,UAV_7,battery_warning,-12,0.75
S90,32,UAV_7,battery_warning,-12,0.75
S91,16,UAV_0,battery_warning,-10,0.75
S91,24,UAV_0,battery_warning,-10,0.75
S91,32,UAV_0,battery_warning,-10,0.75
S91,16,UAV_1,battery_warning,-12,0.75
S91,24,UAV_1,battery_warning,-12,0.75
S91,32,UAV_1,battery_warning,-12,0.75
S91,16,UAV_2,battery_warning,-14,0.75
S91,24,UAV_2,battery_warning,-14,0.75
S91,32,UAV_2,battery_warning,-14,0.75
S91,16,UAV_3,battery_warning,-10,0.75
S91,24,UAV_3,battery_warning,-10,0.75
S91,32,UAV_3,battery_warning,-10,0.75
S91,16,UAV_4,battery_warning,-12,0.75
S91,24,UAV_4,battery_warning,-12,0.75
S91,32,UAV_4,battery_warning,-12,0.75
S91,16,UAV_5,battery_warning,-14,0.75
S91,24,UAV_5,battery_warning,-14,0.75
S91,32,UAV_5,battery_warning,-14,0.75
S91,16,UAV_6,battery_warning,-10,0.75
S91,24,UAV_6,battery_warning,-10,0.75
S91,32,UAV_6,battery_warning,-10,0.75
S91,16,UAV_7,battery_warning,-12,0.75
S91,24,UAV_7,battery_warning,-12,0.75
S91,32,UAV_7,battery_warning,-12,0.75
S92,16,UAV_0,battery_warning,-10,0.75
S92,24,UAV_0,battery_warning,-10,0.75
S92,32,UAV_0,battery_warning,-10,0.75
S92,16,UAV_1,battery_warning,-12,0.75
S92,24,UAV_1,battery_warning,-12,0.75
S92,32,UAV_1,battery_warning,-12,0.75
S92,16,UAV_2,battery_warning,-14,0.75
S92,24,UAV_2,battery_warning,-14,0.75
S92,32,UAV_2,battery_warning,-14,0.75
S92,16,UAV_3,battery_warning,-10,0.75
S92,24,UAV_3,battery_warning,-10,0.75
S92,32,UAV_3,battery_warning,-10,0.75
S92,16,UAV_4,battery_warning,-12,0.75
S92,24,UAV_4,battery_warning,-12,0.75
S92,32,UAV_4,battery_warning,-12,0.75
S92,16,UAV_5,battery_warning,-14,0.75
S92,24,UAV_5,battery_warning,-14,0.75
S92,32,UAV_5,battery_warning,-14,0.75
S92,16,UAV_6,battery_warning,-10,0.75
S92,24,UAV_6,battery_warning,-10,0.75
S92,32,UAV_6,battery_warning,-10,0.75
S92,16,UAV_7,battery_warning,-12,0.75
S92,24,UAV_7,battery_warning,-12,0.75
S92,32,UAV_7,battery_warning,-12,0.75
S93,16,UAV_0,battery_warning,-10,0.75
S93,24,UAV_0,battery_warning,-10,0.75
S93,32,UAV_0,battery_warning,-10,0.75
S93,16,UAV_1,battery_warning,-12,0.75
S93,24,UAV_1,battery_warning,-12,0.75
S93,32,UAV_1,battery_warning,-12,0.75
S93,16,UAV_2,battery_warning,-14,0.75
S93,24,UAV_2,battery_warning,-14,0.75
S93,32,UAV_2,battery_warning,-14,0.75
S93,16,UAV_3,battery_warning,-10,0.75
S93,24,UAV_3,battery_warning,-10,0.75
S93,32,UAV_3,battery_warning,-10,0.75
S93,16,UAV_4,battery_warning,-12,0.75
S93,24,UAV_4,battery_warning,-12,0.75
S93,32,UAV_4,battery_warning,-12,0.75
S93,16,UAV_5,battery_warning,-14,0.75
S93,24,UAV_5,battery_warning,-14,0.75
S93,32,UAV_5,battery_warning,-14,0.75
S93,16,UAV_6,battery_warning,-10,0.75
S93,24,UAV_6,battery_warning,-10,0.75
S93,32,UAV_6,battery_warning,-10,0.75
S93,16,UAV_7,battery_warning,-12,0.75
S93,24,UAV_7,battery_warning,-12,0.75
S93,32,UAV_7,battery_warning,-12,0.75
S94,16,UAV_0,battery_warning,-10,0.75
S94,24,UAV_0,battery_warning,-10,0.75
S94,32,UAV_0,battery_warning,-10,0.75
S94,16,UAV_1,battery_warning,-12,0.75
S94,24,UAV_1,battery_warning,-12,0.75
S94,32,UAV_1,battery_warning,-12,0.75
S94,16,UAV_2,battery_warning,-14,0.75
S94,24,UAV_2,battery_warning,-14,0.75
S94,32,UAV_2,battery_warning,-14,0.75
S94,16,UAV_3,battery_warning,-10,0.75
S94,24,UAV_3,battery_warning,-10,0.75
S94,32,UAV_3,battery_warning,-10,0.75
S94,16,UAV_4,battery_warning,-12,0.75
S94,24,UAV_4,battery_warning,-12,0.75
S94,32,UAV_4,battery_warning,-12,0.75
S94,16,UAV_5,battery_warning,-14,0.75
S94,24,UAV_5,battery_warning,-14,0.75
S94,32,UAV_5,battery_warning,-14,0.75
S94,16,UAV_6,battery_warning,-10,0.75
S94,24,UAV_6,battery_warning,-10,0.75
S94,32,UAV_6,battery_warning,-10,0.75
S94,16,UAV_7,battery_warning,-12,0.75
S94,24,UAV_7,battery_warning,-12,0.75
S94,32,UAV_7,battery_warning,-12,0.75
S95,16,UAV_0,battery_warning,-10,0.75
S95,24,UAV_0,battery_warning,-10,0.75
S95,32,UAV_0,battery_warning,-10,0.75
S95,16,UAV_1,battery_warning,-12,0.75
S95,24,UAV_1,battery_warning,-12,0.75
S95,32,UAV_1,battery_warning,-12,0.75
S95,16,UAV_2,battery_warning,-14,0.75
S95,24,UAV_2,battery_warning,-14,0.75
S95,32,UAV_2,battery_warning,-14,0.75
S95,16,UAV_3,battery_warning,-10,0.75
S95,24,UAV_3,battery_warning,-10,0.75
S95,32,UAV_3,battery_warning,-10,0.75
S95,16,UAV_4,battery_warning,-12,0.75
S95,24,UAV_4,battery_warning,-12,0.75
S95,32,UAV_4,battery_warning,-12,0.75
S95,16,UAV_5,battery_warning,-14,0.75
S95,24,UAV_5,battery_warning,-14,0.75
S95,32,UAV_5,battery_warning,-14,0.75
S95,16,UAV_6,battery_warning,-10,0.75
S95,24,UAV_6,battery_warning,-10,0.75
S95,32,UAV_6,battery_warning,-10,0.75
S95,16,UAV_7,battery_warning,-12,0.75
S95,24,UAV_7,battery_warning,-12,0.75
S95,32,UAV_7,battery_warning,-12,0.75
S96,16,UAV_0,battery_warning,-10,0.75
S96,24,UAV_0,battery_warning,-10,0.75
S96,32,UAV_0,battery_warning,-10,0.75
S96,16,UAV_1,battery_warning,-12,0.75
S96,24,UAV_1,battery_warning,-12,0.75
S96,32,UAV_1,battery_warning,-12,0.75
S96,16,UAV_2,battery_warning,-14,0.75
S96,24,UAV_2,battery_warning,-14,0.75
S96,32,UAV_2,battery_warning,-14,0.75
S96,16,UAV_3,battery_warning,-10,0.75
S96,24,UAV_3,battery_warning,-10,0.75
S96,32,UAV_3,battery_warning,-10,0.75
S96,16,UAV_4,battery_warning,-12,0.75
S96,24,UAV_4,battery_warning,-12,0.75
S96,32,UAV_4,battery_warning,-12,0.75
S96,16,UAV_5,battery_warning,-14,0.75
S96,24,UAV_5,battery_warning,-14,0.75
S96,32,UAV_5,battery_warning,-14,0.75
S96,16,UAV_6,battery_warning,-10,0.75
S96,24,UAV_6,battery_warning,-10,0.75
S96,32,UAV_6,battery_warning,-10,0.75
S96,16,UAV_7,battery_warning,-12,0.75
S96,24,UAV_7,battery_warning,-12,0.75
S96,32,UAV_7,battery_warning,-12,0.75
S97,16,UAV_0,battery_warning,-10,0.75
S97,24,UAV_0,battery_warning,-10,0.75
S97,32,UAV_0,battery_warning,-10,0.75
S97,16,UAV_1,battery_warning,-12,0.75
S97,24,UAV_1,battery_warning,-12,0.75
S97,32,UAV_1,battery_warning,-12,0.75
S97,16,UAV_2,battery_warning,-14,0.75
S97,24,UAV_2,battery_warning,-14,0.75
S97,32,UAV_2,battery_warning,-14,0.75
S97,16,UAV_3,battery_warning,-10,0.75
S97,24,UAV_3,battery_warning,-10,0.75
S97,32,UAV_3,battery_warning,-10,0.75
S97,16,UAV_4,battery_warning,-12,0.75
S97,24,UAV_4,battery_warning,-12,0.75
S97,32,UAV_4,battery_warning,-12,0.75
S97,16,UAV_5,battery_warning,-14,0.75
S97,24,UAV_5,battery_warning,-14,0.75
S97,32,UAV_5,battery_warning,-14,0.75
S97,16,UAV_6,battery_warning,-10,0.75
S97,24,UAV_6,battery_warning,-10,0.75
S97,32,UAV_6,battery_warning,-10,0.75
S97,16,UAV_7,battery_warning,-12,0.75
S97,24,UAV_7,battery_warning,-12,0.75
S97,32,UAV_7,battery_warning,-12,0.75
S98,16,UAV_0,battery_warning,-10,0.75
S98,24,UAV_0,battery_warning,-10,0.75
S98,32,UAV_0,battery_warning,-10,0.75
S98,16,UAV_1,battery_warning,-12,0.75
S98,24,UAV_1,battery_warning,-12,0.75
S98,32,UAV_1,battery_warning,-12,0.75
S98,16,UAV_2,battery_warning,-14,0.75
S98,24,UAV_2,battery_warning,-14,0.75
S98,32,UAV_2,battery_warning,-14,0.75
S98,16,UAV_3,battery_warning,-10,0.75
S98,24,UAV_3,battery_warning,-10,0.75
S98,32,UAV_3,battery_warning,-10,0.75
S98,16,UAV_4,battery_warning,-12,0.75
S98,24,UAV_4,battery_warning,-12,0.75
S98,32,UAV_4,battery_warning,-12,0.75
S98,16,UAV_5,battery_warning,-14,0.75
S98,24,UAV_5,battery_warning,-14,0.75
S98,32,UAV_5,battery_warning,-14,0.75
S98,16,UAV_6,battery_warning,-10,0.75
S98,24,UAV_6,battery_warning,-10,0.75
S98,32,UAV_6,battery_warning,-10,0.75
S98,16,UAV_7,battery_warning,-12,0.75
S98,24,UAV_7,battery_warning,-12,0.75
S98,32,UAV_7,battery_warning,-12,0.75
S99,16,UAV_0,battery_warning,-10,0.75
S99,24,UAV_0,battery_warning,-10,0.75
S99,32,UAV_0,battery_warning,-10,0.75
S99,16,UAV_1,battery_warning,-12,0.75
S99,24,UAV_1,battery_warning,-12,0.75
S99,32,UAV_1,battery_warning,-12,0.75
S99,16,UAV_2,battery_warning,-14,0.75
S99,24,UAV_2,battery_warning,-14,0.75
S99,32,UAV_2,battery_warning,-14,0.75
S99,16,UAV_3,battery_warning,-10,0.75
S99,24,UAV_3,battery_warning,-10,0.75
S99,32,UAV_3,battery_warning,-10,0.75
S99,16,UAV_4,battery_warning,-12,0.75
S99,24,UAV_4,battery_warning,-12,0.75
S99,32,UAV_4,battery_warning,-12,0.75
S99,16,UAV_5,battery_warning,-14,0.75
S99,24,UAV_5,battery_warning,-14,0.75
S99,32,UAV_5,battery_warning,-14,0.75
S99,16,UAV_6,battery_warning,-10,0.75
S99,24,UAV_6,battery_warning,-10,0.75
S99,32,UAV_6,battery_warning,-10,0.75
S99,16,UAV_7,battery_warning,-12,0.75
S99,24,UAV_7,battery_warning,-12,0.75
S99,32,UAV_7,battery_warning,-12,0.75
S100,16,UAV_0,battery_warning,-10,0.75
S100,24,UAV_0,battery_warning,-10,0.75
S100,32,UAV_0,battery_warning,-10,0.75
S100,16,UAV_1,battery_warning,-12,0.75
S100,24,UAV_1,battery_warning,-12,0.75
S100,32,UAV_1,battery_warning,-12,0.75
S100,16,UAV_2,battery_warning,-14,0.75
S100,24,UAV_2,battery_warning,-14,0.75
S100,32,UAV_2,battery_warning,-14,0.75
S100,16,UAV_3,battery_warning,-10,0.75
S100,24,UAV_3,battery_warning,-10,0.75
S100,32,UAV_3,battery_warning,-10,0.75
S100,16,UAV_4,battery_warning,-12,0.75
S100,24,UAV_4,battery_warning,-12,0.75
S100,32,UAV_4,battery_warning,-12,0.75
S100,16,UAV_5,battery_warning,-14,0.75
S100,24,UAV_5,battery_warning,-14,0.75
S100,32,UAV_5,battery_warning,-14,0.75
S100,16,UAV_6,battery_warning,-10,0.75
S100,24,UAV_6,battery_warning,-10,0.75
S100,32,UAV_6,battery_warning,-10,0.75
S100,16,UAV_7,battery_warning,-12,0.75
S100,24,UAV_7,battery_warning,-12,0.75
S100,32,UAV_7,battery_warning,-12,0.75
