episode_id,task_id,x,y,priority,deadline,service_time,payload_required,requires_uav,requires_ugv,risk_sensitivity
S1,T_0,0.8492697918321543,0.8243315300080846,1,35,2,1,true,true,0.55
S1,T_1,0.6217986031435364,0.74822645668108,2,43,3,2,true,false,0.65
S1,T_2,0.8254495513996117,0.7941856387975901,3,51,4,3,true,false,0.45
S1,T_3,0.6978511451203337,0.6994987197230011,4,59,5,1,true,false,0.55
S1,T_4,0.8009804058464398,0.6614169384667377,5,67,2,2,true,false,0.65
S1,T_5,0.7633171958665504,0.6242462616044666,1,75,3,3,true,true,0.55
S1,T_6,0.780685375039691,0.6536805428352527,2,83,4,1,true,false,0.65
S1,T_7,0.7869786152277319,0.8701935753064507,3,91,5,2,true,false,0.45
S1,T_8,0.8931230502175969,0.8544687193686503,4,99,2,3,true,false,0.55
S1,T_9,0.640379861109181,0.805700338601611,5,107,3,1,true,false,0.65
S1,T_10,0.7322015915355085,0.6492044586304627,1,115,4,2,true,true,0.55
S1,T_11,0.7950606553252983,0.8190030245853478,2,123,5,3,true,false,0.65
S2,T_0,0.6359764824027767,0.8049810472566514,2,39,2,1,true,true,0.65
S2,T_1,0.8334151078223399,0.8913517957821184,3,47,3,2,true,false,0.45
S2,T_2,0.8140537236760137,0.7271308748504001,4,55,4,3,true,false,0.55
S2,T_3,0.6248858918646273,0.7304744821182906,5,63,5,1,true,false,0.65
S2,T_4,0.5558307969983448,0.7361739680542565,1,71,2,2,true,false,0.55
S2,T_5,0.87265940309248,0.9068031464068271,2,79,3,3,true,true,0.65
S2,T_6,0.7070158392634893,0.8203998142410078,3,87,4,1,true,false,0.45
S2,T_7,0.7487496435269348,0.7787242611908722,4,95,5,2,true,false,0.55
S2,T_8,0.7520467559964973,0.8377822356381418,5,103,2,3,true,false,0.65
S2,T_9,0.7710906055961523,0.8652240990288148,1,111,3,1,true,false,0.55
S2,T_10,0.7976265727857483,0.6683743457799382,2,119,4,2,true,true,0.65
S2,T_11,0.7017260713692793,0.7761070037007892,3,127,5,3,true,false,0.45
S3,T_0,0.8931477825028038,0.64538877029785,3,43,2,1,true,true,0.45
S3,T_1,0.6783007773667292,0.8540707554649093,4,51,3,2,true,false,0.55
S3,T_2,0.7245089183504894,0.6860487218739305,5,59,4,3,true,false,0.65
S3,T_3,0.8227842391123287,0.7326591862104406,1,67,5,1,true,false,0.55
S3,T_4,0.5934992419944657,0.7376928349132237,2,75,2,2,true,false,0.65
S3,T_5,0.7352500871332414,0.6591479614502846,3,83,3,3,true,true,0.45
S3,T_6,0.7443119713631192,0.7387986569298929,4,91,4,1,true,false,0.55
S3,T_7,0.787783789925691,0.7178241822513609,5,99,5,2,true,false,0.65
S3,T_8,0.6935584106144967,0.7628183103116848,1,107,2,3,true,false,0.55
S3,T_9,0.7814807611468976,0.6884268645271817,2,115,3,1,true,false,0.65
S3,T_10,0.7260608092500583,0.865858292214674,3,123,4,2,true,true,0.45
S3,T_11,0.6729260676178084,0.9498973502122847,4,131,5,3,true,false,0.55
S4,T_0,0.6921412016997922,0.6460411612041276,4,47,2,1,true,true,0.55
S4,T_1,0.6590175504048157,0.7935353900838832,5,55,3,2,true,false,0.65
S4,T_2,0.98,0.7923490129643345,1,63,4,3,true,false,0.55
S4,T_3,0.8144564158871817,0.7987484201537866,2,71,5,1,true,false,0.65
S4,T_4,0.8940383153121545,0.8342531276286177,3,79,2,2,true,false,0.45
S4,T_5,0.77086194677021,0.98,4,87,3,3,true,true,0.55
S4,T_6,0.7797161131059759,0.7177456486018893,5,95,4,1,true,false,0.65
S4,T_7,0.735472563005658,0.7268046457388103,1,103,5,2,true,false,0.55
S4,T_8,0.98,0.7062922240327426,2,111,2,3,true,false,0.65
S4,T_9,0.760742405739527,0.6677772335757771,3,119,3,1,true,false,0.45
S4,T_10,0.6846079184964723,0.7777123972988256,4,127,4,2,true,true,0.55
S4,T_11,0.9141724944435814,0.658137769092342,5,135,5,3,true,false,0.65
S5,T_0,0.6892270359572962,0.8728346152916093,5,51,2,1,true,true,0.65
S5,T_1,0.8790884885577455,0.7296341956856986,1,59,3,2,true,false,0.55
S5,T_2,0.8427621536421476,0.695013115067773,2,67,4,3,true,false,0.65
S5,T_3,0.9213213172018282,0.679500596900633,3,75,5,1,true,false,0.45
S5,T_4,0.7250440204633825,0.8495089299946281,4,83,2,2,true,false,0.55
S5,T_5,0.9304427251201912,0.6786464140020532,5,91,3,3,true,true,0.65
S5,T_6,0.71502768132096,0.656172833478935,1,99,4,1,true,false,0.55
S5,T_7,0.6612551573802821,0.8211576972905079,2,107,5,2,true,false,0.65
S5,T_8,0.7393936474932108,0.7999300054176504,3,115,2,3,true,false,0.45
S5,T_9,0.6242839529572627,0.9204264157909717,4,123,3,1,true,false,0.55
S5,T_10,0.6158476335833789,0.8365085517238766,5,131,4,2,true,true,0.65
S5,T_11,0.6455950065570971,0.6812510917701062,1,139,5,3,true,false,0.55
S6,T_0,0.7952368256826144,0.5756899960434321,1,55,2,1,true,true,0.55
S6,T_1,0.95337372074557,0.6108570630977717,2,63,3,2,true,false,0.65
S6,T_2,0.503561307175366,0.8829711785912825,3,71,4,3,true,false,0.45
S6,T_3,0.9462006769981791,0.8166826762668693,4,79,5,1,true,false,0.55
S6,T_4,0.5224930648258662,0.8050886775055399,5,87,2,2,true,false,0.65
S6,T_5,0.7151222007675034,0.7710790609404814,1,95,3,3,true,true,0.55
S6,T_6,0.98,0.6288063066172596,2,103,4,1,true,false,0.65
S6,T_7,0.8782158773681389,0.7330919462557624,3,111,5,2,true,false,0.45
S6,T_8,0.7841145915484373,0.8528589123686849,4,119,2,3,true,false,0.55
S6,T_9,0.8801659927153883,0.98,5,127,3,1,true,false,0.65
S6,T_10,0.5885683567796769,0.808945663366093,1,135,4,2,true,true,0.55
S6,T_11,0.9343890802048951,0.9072949678590232,2,143,5,3,true,false,0.65
S7,T_0,0.98,0.7919493109047884,2,59,2,1,true,true,0.65
S7,T_1,0.4788635105967104,0.505270081352778,3,67,3,2,true,false,0.45
S7,T_2,0.98,0.7811067266448091,4,75,4,3,true,false,0.55
S7,T_3,0.76362960403321,0.6866693547588294,5,83,5,1,true,false,0.65
S7,T_4,0.7652818083751852,0.6802826060944385,1,91,2,2,true,false,0.55
S7,T_5,0.9107687898578569,0.9517943075274838,2,99,3,3,true,true,0.65
S7,T_6,0.8348466236030887,0.823033375490149,3,107,4,1,true,false,0.45
S7,T_7,0.8058633689975586,0.9149282378189337,4,115,5,2,true,false,0.55
S7,T_8,0.98,0.7262481886980865,5,123,2,3,true,false,0.65
S7,T_9,0.7028727921168467,0.5885991732351998,1,131,3,1,true,false,0.55
S7,T_10,0.7667986621086604,0.7200384750933982,2,139,4,2,true,true,0.65
S7,T_11,0.98,0.9522671456480991,3,147,5,3,true,false,0.45
S8,T_0,0.802637984993519,0.8482082036369789,3,63,2,1,true,true,0.45
S8,T_1,0.89123251298825,0.874407537409673,4,71,3,2,true,false,0.55
S8,T_2,0.656263433635392,0.8545892917361099,5,79,4,3,true,false,0.65
S8,T_3,0.4321429139755644,0.5385307712537293,1,87,5,1,true,false,0.55
S8,T_4,0.9228897738441508,0.98,2,95,2,2,true,false,0.65
S8,T_5,0.7981495635485185,0.8552461330326435,3,103,3,3,true,true,0.45
S8,T_6,0.7913858729862169,0.668579513283792,4,111,4,1,true,false,0.55
S8,T_7,0.5531837596535056,0.6611825907260964,5,119,5,2,true,false,0.65
S8,T_8,0.6358114839002719,0.7701287943012745,1,127,2,3,true,false,0.55
S8,T_9,0.98,0.8260187889149719,2,135,3,1,true,false,0.65
S8,T_10,0.9541228995357047,0.9386505976030144,3,143,4,2,true,true,0.45
S8,T_11,0.7177478120869007,0.7016217921807348,4,151,5,3,true,false,0.55
S9,T_0,0.6886435753804119,0.9168545807260249,4,67,2,1,true,true,0.55
S9,T_1,0.98,0.5083636955607467,5,75,3,2,true,false,0.65
S9,T_2,0.98,0.8841589697482866,1,83,4,3,true,false,0.55
S9,T_3,0.9269229890989739,0.7045394765765787,2,91,5,1,true,false,0.65
S9,T_4,0.8926335579778278,0.9628127334260732,3,99,2,2,true,false,0.45
S9,T_5,0.857252201069615,0.7991253031726278,4,107,3,3,true,true,0.55
S9,T_6,0.7480872019923721,0.6746591448070457,5,115,4,1,true,false,0.65
S9,T_7,0.8671530248271446,0.5240139060115805,1,123,5,2,true,false,0.55
S9,T_8,0.6739262112105424,0.6395198338350971,2,131,2,3,true,false,0.65
S9,T_9,0.8295977252034596,0.7187002881888174,3,139,3,1,true,false,0.45
S9,T_10,0.6570476192074265,0.5062166783346604,4,147,4,2,true,true,0.55
S9,T_11,0.7571935037844265,0.6618398671640484,5,155,5,3,true,false,0.65
S10,T_0,0.7991194665292739,0.8577257596045008,5,71,2,1,true,true,0.65
S10,T_1,0.7459159680855468,0.7364724950143847,1,79,3,2,true,false,0.55
S10,T_2,0.9615474110553848,0.6939941482519834,2,87,4,3,true,false,0.65
S10,T_3,0.6833859796193839,0.6871418644224696,3,95,5,1,true,false,0.45
S10,T_4,0.9135629617092125,0.8400649566089999,4,103,2,2,true,false,0.55
S10,T_5,0.98,0.8462858879710276,5,111,3,3,true,true,0.65
S10,T_6,0.7144103564563536,0.8151107860333043,1,119,4,1,true,false,0.55
S10,T_7,0.4904795570330112,0.5616886070644304,2,127,5,2,true,false,0.65
S10,T_8,0.922437823883711,0.7337195840854097,3,135,2,3,true,false,0.45
S10,T_9,0.7588629898678598,0.9444086650032917,4,143,3,1,true,false,0.55
S10,T_10,0.5853671600256771,0.8191187052142932,5,151,4,2,true,true,0.65
S10,T_11,0.5786107827323514,0.7609530125085812,1,159,5,3,true,false,0.55
S11,T_0,0.7281670154811598,0.5746298486922783,1,75,2,1,true,true,0.55
S11,T_1,0.9553075093077712,0.98,2,83,3,2,true,false,0.65
S11,T_2,0.7735672283505475,0.8478273968872093,3,91,4,3,true,false,0.45
S11,T_3,0.7941891472463565,0.9190015546019932,4,99,5,1,true,false,0.55
S11,T_4,0.8608014866956548,0.9488287217665152,5,107,2,2,true,false,0.65
S11,T_5,0.6648970119064239,0.7971822383660833,1,115,3,3,true,true,0.55
S11,T_6,0.832769488365129,0.7711096842604217,2,123,4,1,true,false,0.65
S11,T_7,0.9463935380875613,0.5770271095875618,3,131,5,2,true,false,0.45
S11,T_8,0.98,0.30661150350279504,4,139,2,3,true,false,0.55
S11,T_9,0.7309635859479644,0.3568197216977689,5,147,3,1,true,false,0.65
S11,T_10,0.6730734222033616,0.8711426610852547,1,155,4,2,true,true,0.55
S11,T_11,0.5595547263728257,0.7142506423902752,2,163,5,3,true,false,0.65
S12,T_0,0.8217893254084101,0.7949940523359706,2,79,2,1,true,true,0.65
S12,T_1,0.98,0.30518426092400175,3,87,3,2,true,false,0.45
S12,T_2,0.98,0.98,4,95,4,3,true,false,0.55
S12,T_3,0.8517270221434666,0.6080255262704337,5,103,5,1,true,false,0.65
S12,T_4,0.5891936105844477,0.975393664392684,1,111,2,2,true,false,0.55
S12,T_5,0.740483169727176,0.7316745800421186,2,119,3,3,true,true,0.65
S12,T_6,0.786691923461721,0.6168047988176522,3,127,4,1,true,false,0.45
S12,T_7,0.9231970653004794,0.695296214814735,4,135,5,2,true,false,0.55
S12,T_8,0.7606427845208351,0.8922114438583815,5,143,2,3,true,false,0.65
S12,T_9,0.98,0.98,1,151,3,1,true,false,0.55
S12,T_10,0.6152100857962869,0.8167470556729718,2,159,4,2,true,true,0.65
S12,T_11,0.5741101776617039,0.7718114544760175,3,167,5,3,true,false,0.45
S13,T_0,0.4515282167456594,0.7356709684786583,3,83,2,1,true,true,0.45
S13,T_1,0.9058303699298325,0.7460312899846003,4,91,3,2,true,false,0.55
S13,T_2,0.8052771147787631,0.4254482793732381,5,99,4,3,true,false,0.65
S13,T_3,0.40125978189663075,0.98,1,107,5,1,true,false,0.55
S13,T_4,0.733256550593567,0.98,2,115,2,2,true,false,0.65
S13,T_5,0.98,0.6864256160004493,3,123,3,3,true,true,0.45
S13,T_6,0.6642544084535962,0.6843391908426144,4,131,4,1,true,false,0.55
S13,T_7,0.8929732922216177,0.5554404322791195,5,139,5,2,true,false,0.65
S13,T_8,0.5811448724687082,0.8865944720060275,1,147,2,3,true,false,0.55
S13,T_9,0.7702993196847517,0.8578038613322371,2,155,3,1,true,false,0.65
S13,T_10,0.98,0.8329732541328785,3,163,4,2,true,true,0.45
S13,T_11,0.9094663570912955,0.5637142448089287,4,171,5,3,true,false,0.55
S14,T_0,0.98,0.8094447284375443,4,87,2,1,true,true,0.55
S14,T_1,0.7958139668353414,0.5750478257021958,5,95,3,2,true,false,0.65
S14,T_2,0.7885672161320334,0.8190043047414719,1,103,4,3,true,false,0.55
S14,T_3,0.8797877504044637,0.98,2,111,5,1,true,false,0.65
S14,T_4,0.7963263105414505,0.5688849517057967,3,119,2,2,true,false,0.45
S14,T_5,0.6845871744980058,0.5544189084092817,4,127,3,3,true,true,0.55
S14,T_6,0.98,0.833009001099415,5,135,4,1,true,false,0.65
S14,T_7,0.682235515141338,0.8834383500798313,1,143,5,2,true,false,0.55
S14,T_8,0.6301283424679677,0.7231673847942137,2,151,2,3,true,false,0.65
S14,T_9,0.7370448311023581,0.7354690068680788,3,159,3,1,true,false,0.45
S14,T_10,0.8125321295071812,0.6696215858146767,4,167,4,2,true,true,0.55
S14,T_11,0.3724777746756882,0.9395304361919401,5,175,5,3,true,false,0.65
S15,T_0,0.98,0.6581056048914857,5,91,2,1,true,true,0.65
S15,T_1,0.6465540589473394,0.48275405952445194,1,99,3,2,true,false,0.55
S15,T_2,0.5958801620364734,0.38907235492357434,2,107,4,3,true,false,0.65
S15,T_3,0.7995797058191435,0.577542930067737,3,115,5,1,true,false,0.45
S15,T_4,0.950349341124824,0.9097708212250702,4,123,2,2,true,false,0.55
S15,T_5,0.6416511261220077,0.900956778435823,5,131,3,3,true,true,0.65
S15,T_6,0.6437506867211701,0.756555026178595,1,139,4,1,true,false,0.55
S15,T_7,0.8587843207178485,0.3558218241574411,2,147,5,2,true,false,0.65
S15,T_8,0.82820184101555,0.98,3,155,2,3,true,false,0.45
S15,T_9,0.8518370281524723,0.39982823999884287,4,163,3,1,true,false,0.55
S15,T_10,0.5671931361094789,0.7967543156115602,5,171,4,2,true,true,0.65
S15,T_11,0.6531798380002828,0.5180327007427377,1,179,5,3,true,false,0.55
S16,T_0,0.6037044902493192,0.98,1,95,2,1,true,true,0.55
S16,T_1,0.6350808105426025,0.43638464282922085,2,103,3,2,true,false,0.65
S16,T_2,0.6387947778843988,0.7857994066768756,3,111,4,3,true,false,0.45
S16,T_3,0.5740995205223908,0.8118987901833118,4,119,5,1,true,false,0.55
S16,T_4,0.8709658161062434,0.4759551455826122,5,127,2,2,true,false,0.65
S16,T_5,0.9059585448568923,0.7294485883280895,1,135,3,3,true,true,0.55
S16,T_6,0.9103489781715774,0.5584732560912092,2,143,4,1,true,false,0.65
S16,T_7,0.8654601661772209,0.6833697712257119,3,151,5,2,true,false,0.45
S16,T_8,0.6490362356651924,0.3901908393986284,4,159,2,3,true,false,0.55
S16,T_9,0.6170557868015467,0.98,5,167,3,1,true,false,0.65
S16,T_10,0.36613115958224063,0.8347903035911415,1,175,4,2,true,true,0.55
S16,T_11,0.98,0.6276486234348513,2,183,5,3,true,false,0.65
S17,T_0,0.98,0.5574715864285784,2,99,2,1,true,true,0.65
S17,T_1,0.7304025038550915,0.428213849789009,3,107,3,2,true,false,0.45
S17,T_2,0.5116597479536424,0.7446299435199156,4,115,4,3,true,false,0.55
S17,T_3,0.8088245190702938,0.49559098067346286,5,123,5,1,true,false,0.65
S17,T_4,0.7907594630643516,0.8435735287000408,1,131,2,2,true,false,0.55
S17,T_5,0.98,0.8290801897364704,2,139,3,3,true,true,0.65
S17,T_6,0.5454038759562084,0.9502059145456696,3,147,4,1,true,false,0.45
S17,T_7,0.3719425108544876,0.8536891889275591,4,155,5,2,true,false,0.55
S17,T_8,0.98,0.98,5,163,2,3,true,false,0.65
S17,T_9,0.7244701231791699,0.7072083760745387,1,171,3,1,true,false,0.55
S17,T_10,0.28808754939917264,0.36990894185961615,2,179,4,2,true,true,0.65
S17,T_11,0.5409782563840457,0.868854151051492,3,187,5,3,true,false,0.45
S18,T_0,0.9293803154681533,0.2921350493233325,3,103,2,1,true,true,0.45
S18,T_1,0.7382831290788092,0.6656185258894384,4,111,3,2,true,false,0.55
S18,T_2,0.8295230898352314,0.9361409998407585,5,119,4,3,true,false,0.65
S18,T_3,0.9680895940142036,0.98,1,127,5,1,true,false,0.55
S18,T_4,0.5698317276989521,0.7907122201676465,2,135,2,2,true,false,0.65
S18,T_5,0.2540531809560793,0.7956349465668072,3,143,3,3,true,true,0.45
S18,T_6,0.651950721801305,0.4237543681229562,4,151,4,1,true,false,0.55
S18,T_7,0.7653406727490563,0.98,5,159,5,2,true,false,0.65
S18,T_8,0.98,0.98,1,167,2,3,true,false,0.55
S18,T_9,0.9428008335489272,0.98,2,175,3,1,true,false,0.65
S18,T_10,0.6921828830474338,0.6083662903673824,3,183,4,2,true,true,0.45
S18,T_11,0.5727968631810845,0.5460534312926119,4,191,5,3,true,false,0.55
S19,T_0,0.5581644364538053,0.5055670993773791,4,107,2,1,true,true,0.55
S19,T_1,0.7722447867660556,0.3589019346213794,5,115,3,2,true,false,0.65
S19,T_2,0.98,0.6606312875199986,1,123,4,3,true,false,0.55
S19,T_3,0.5393845494892486,0.7201577369530655,2,131,5,1,true,false,0.65
S19,T_4,0.7891263993474822,0.98,3,139,2,2,true,false,0.45
S19,T_5,0.7440910776214354,0.8041107347848622,4,147,3,3,true,true,0.55
S19,T_6,0.98,0.7609910487601798,5,155,4,1,true,false,0.65
S19,T_7,0.6544100794855726,0.3579551693350176,1,163,5,2,true,false,0.55
S19,T_8,0.8942490657471486,0.7105991504595057,2,171,2,3,true,false,0.65
S19,T_9,0.5992276148510751,0.5262262739348684,3,179,3,1,true,false,0.45
S19,T_10,0.7537746474011415,0.7867594603188893,4,187,4,2,true,true,0.55
S19,T_11,0.98,0.6032975469897821,5,195,5,3,true,false,0.65
S20,T_0,0.9301762949767628,0.5778465711090518,5,111,2,1,true,true,0.65
S20,T_1,0.98,0.512105041933363,1,119,3,2,true,false,0.55
S20,T_2,0.15327129808044315,0.98,2,127,4,3,true,false,0.65
S20,T_3,0.7405748780485952,0.5269934874977661,3,135,5,1,true,false,0.45
S20,T_4,0.98,0.7502613443192797,4,143,2,2,true,false,0.55
S20,T_5,0.9361407646620421,0.055538662606429035,5,151,3,3,true,true,0.65
S20,T_6,0.98,0.49465210258163134,1,159,4,1,true,false,0.55
S20,T_7,0.98,0.47231599920999906,2,167,5,2,true,false,0.65
S20,T_8,0.8859477036765484,0.886825464607819,3,175,2,3,true,false,0.45
S20,T_9,0.5016740117344825,0.5059515924028384,4,183,3,1,true,false,0.55
S20,T_10,0.5133464874512477,0.7396917169044955,5,191,4,2,true,true,0.65
S20,T_11,0.7898098638333877,0.585248185866833,1,199,5,3,true,false,0.55
S21,T_0,0.98,0.6194633083317933,1,115,2,1,true,true,0.55
S21,T_1,0.4712209671883364,0.49188917428773754,2,123,3,2,true,false,0.65
S21,T_2,0.7334584250832712,0.98,3,131,4,3,true,false,0.45
S21,T_3,0.9452151629138305,0.98,4,139,5,1,true,false,0.55
S21,T_4,0.98,0.7017790759374318,5,147,2,2,true,false,0.65
S21,T_5,0.98,0.98,1,155,3,3,true,true,0.55
S21,T_6,0.5589355059587475,0.98,2,163,4,1,true,false,0.65
S21,T_7,0.7691824031705714,0.5980980342526809,3,171,5,2,true,false,0.45
S21,T_8,0.98,0.9050509158681636,4,179,2,3,true,false,0.55
S21,T_9,0.5330589617619153,0.8645587022943043,5,187,3,1,true,false,0.65
S21,T_10,0.98,0.98,1,195,4,2,true,true,0.55
S21,T_11,0.8509714160855134,0.6431549365060714,2,203,5,3,true,false,0.65
S22,T_0,0.7134371055426536,0.8666840922293081,2,119,2,1,true,true,0.65
S22,T_1,0.8689351038644458,0.15532542105472724,3,127,3,2,true,false,0.45
S22,T_2,0.98,0.98,4,135,4,3,true,false,0.55
S22,T_3,0.98,0.6991518350884162,5,143,5,1,true,false,0.65
S22,T_4,0.8125281045032193,0.98,1,151,2,2,true,false,0.55
S22,T_5,0.98,0.98,2,159,3,3,true,true,0.65
S22,T_6,0.8759647074676087,0.7267699068868797,3,167,4,1,true,false,0.45
S22,T_7,0.7237979179689381,0.941548134965511,4,175,5,2,true,false,0.55
S22,T_8,0.98,0.98,5,183,2,3,true,false,0.65
S22,T_9,0.39723835255260714,0.8690807139605298,1,191,3,1,true,false,0.55
S22,T_10,0.5381674609519337,0.911158709228048,2,199,4,2,true,true,0.65
S22,T_11,0.7908142147022019,0.6990027282878137,3,207,5,3,true,false,0.45
S23,T_0,0.880846778740092,0.61592231674374,3,123,2,1,true,true,0.45
S23,T_1,0.43823289277520644,0.7152859575029542,4,131,3,2,true,false,0.55
S23,T_2,0.98,0.9323619750671559,5,139,4,3,true,false,0.65
S23,T_3,0.7056169973462106,0.8801801098097856,1,147,5,1,true,false,0.55
S23,T_4,0.5116994016614427,0.4546144759129267,2,155,2,2,true,false,0.65
S23,T_5,0.9078255221029845,0.98,3,163,3,3,true,true,0.45
S23,T_6,0.6534641001964554,0.3824462918899042,4,171,4,1,true,false,0.55
S23,T_7,0.7912015638778144,0.6529326554859692,5,179,5,2,true,false,0.65
S23,T_8,0.7767279204320621,0.608187579872944,1,187,2,3,true,false,0.55
S23,T_9,0.8660288886336591,0.8668475662042513,2,195,3,1,true,false,0.65
S23,T_10,0.6245997717549727,0.6468430318975865,3,203,4,2,true,true,0.45
S23,T_11,0.8015275656081342,0.5337616983019127,4,211,5,3,true,false,0.55
S24,T_0,0.98,0.4805886413268434,4,127,2,1,true,true,0.55
S24,T_1,0.98,0.98,5,135,3,2,true,false,0.65
S24,T_2,0.6497647872585542,0.07568411111153206,1,143,4,3,true,false,0.55
S24,T_3,0.5239873098044394,0.6989566058952443,2,151,5,1,true,false,0.65
S24,T_4,0.23425971261920464,0.5217316134310203,3,159,2,2,true,false,0.45
S24,T_5,0.8268667796165136,0.6008056386611171,4,167,3,3,true,true,0.55
S24,T_6,0.6391830111835645,0.5718081672184206,5,175,4,1,true,false,0.65
S24,T_7,0.98,0.4077230713874233,1,183,5,2,true,false,0.55
S24,T_8,0.9155975169549035,0.7642626246033831,2,191,2,3,true,false,0.65
S24,T_9,0.98,0.98,3,199,3,1,true,false,0.45
S24,T_10,0.14506828195428834,0.98,4,207,4,2,true,true,0.55
S24,T_11,0.6976959461910122,0.3144442630585042,5,215,5,3,true,false,0.65
S25,T_0,0.5987965595824716,0.8403716882138633,5,131,2,1,true,true,0.65
S25,T_1,0.5642151706936736,0.9143853193024831,1,139,3,2,true,false,0.55
S25,T_2,0.7837311850037455,0.8219101126948938,2,147,4,3,true,false,0.65
S25,T_3,0.98,0.759150322609906,3,155,5,1,true,false,0.45
S25,T_4,0.3717704842403395,0.7823818218735126,4,163,2,2,true,false,0.55
S25,T_5,0.7968733074376281,0.9062539721174769,5,171,3,3,true,true,0.65
S25,T_6,0.98,0.98,1,179,4,1,true,false,0.55
S25,T_7,0.98,0.8727306870034458,2,187,5,2,true,false,0.65
S25,T_8,0.8861856166328852,0.37524919422312025,3,195,2,3,true,false,0.45
S25,T_9,0.02,0.98,4,203,3,1,true,false,0.55
S25,T_10,0.9776319077519422,0.51681471491566,5,211,4,2,true,true,0.65
S25,T_11,0.6788187840105369,0.17453414571214199,1,219,5,3,true,false,0.55
S26,T_0,0.7905308626482048,0.7794334622294841,1,135,2,1,true,true,0.55
S26,T_1,0.98,0.47971374524322113,2,143,3,2,true,false,0.65
S26,T_2,0.98,0.48059547623501814,3,151,4,3,true,false,0.45
S26,T_3,0.7915059145745015,0.5738048177654095,4,159,5,1,true,false,0.55
S26,T_4,0.98,0.7086177681608402,5,167,2,2,true,false,0.65
S26,T_5,0.3298768436830578,0.9638331663226867,1,175,3,3,true,true,0.55
S26,T_6,0.02,0.7650950398248201,2,183,4,1,true,false,0.65
S26,T_7,0.5711051809764646,0.6218016843976475,3,191,5,2,true,false,0.45
S26,T_8,0.38341635022988274,0.98,4,199,2,3,true,false,0.55
S26,T_9,0.5502807711075621,0.8289759545829222,5,207,3,1,true,false,0.65
S26,T_10,0.98,0.98,1,215,4,2,true,true,0.55
S26,T_11,0.98,0.7745181723926656,2,223,5,3,true,false,0.65
S27,T_0,0.98,0.27670170732082383,2,139,2,1,true,true,0.65
S27,T_1,0.9378604769084761,0.98,3,147,3,2,true,false,0.45
S27,T_2,0.6409267781353678,0.6426790995219769,4,155,4,3,true,false,0.55
S27,T_3,0.6492427091146437,0.8000208986340148,5,163,5,1,true,false,0.65
S27,T_4,0.98,0.6589877944184556,1,171,2,2,true,false,0.55
S27,T_5,0.98,0.5944640580011381,2,179,3,3,true,true,0.65
S27,T_6,0.02,0.98,3,187,4,1,true,false,0.45
S27,T_7,0.6281625437375711,0.98,4,195,5,2,true,false,0.55
S27,T_8,0.7950201433007663,0.5982914439633449,5,203,2,3,true,false,0.65
S27,T_9,0.865145138338541,0.6813778025830954,1,211,3,1,true,false,0.55
S27,T_10,0.3984804870146913,0.5062546227600534,2,219,4,2,true,true,0.65
S27,T_11,0.6064761488345825,0.1147813312065431,3,227,5,3,true,false,0.45
S28,T_0,0.31035540242331733,0.2134111319890788,3,143,2,1,true,true,0.45
S28,T_1,0.98,0.7298269513724939,4,151,3,2,true,false,0.55
S28,T_2,0.5974063915585195,0.32670875163236873,5,159,4,3,true,false,0.65
S28,T_3,0.2593423117952588,0.773419008466387,1,167,5,1,true,false,0.55
S28,T_4,0.4340799741240307,0.6163100240573942,2,175,2,2,true,false,0.65
S28,T_5,0.6606453007913997,0.98,3,183,3,3,true,true,0.45
S28,T_6,0.6714405319879897,0.4520108208225406,4,191,4,1,true,false,0.55
S28,T_7,0.8392603549124471,0.9781726991603208,5,199,5,2,true,false,0.65
S28,T_8,0.7624908818281497,0.9530152519161633,1,207,2,3,true,false,0.55
S28,T_9,0.98,0.98,2,215,3,1,true,false,0.65
S28,T_10,0.98,0.98,3,223,4,2,true,true,0.45
S28,T_11,0.8504538255233447,0.736816020018907,4,231,5,3,true,false,0.55
S29,T_0,0.3268182216407238,0.936531019787004,4,147,2,1,true,true,0.55
S29,T_1,0.98,0.5785477007313511,5,155,3,2,true,false,0.65
S29,T_2,0.98,0.6974288759723554,1,163,4,3,true,false,0.55
S29,T_3,0.98,0.3827159736069857,2,171,5,1,true,false,0.65
S29,T_4,0.6602453466645366,0.12726173118676998,3,179,2,2,true,false,0.45
S29,T_5,0.8067394150120917,0.98,4,187,3,3,true,true,0.55
S29,T_6,0.5914774657641932,0.6368603630878142,5,195,4,1,true,false,0.65
S29,T_7,0.10852859181942676,0.02,1,203,5,2,true,false,0.55
S29,T_8,0.98,0.10395518359549627,2,211,2,3,true,false,0.65
S29,T_9,0.9199075747304365,0.4983911813710293,3,219,3,1,true,false,0.45
S29,T_10,0.7269508657673811,0.98,4,227,4,2,true,true,0.55
S29,T_11,0.7794334336823665,0.8281898529251114,5,235,5,3,true,false,0.65
S30,T_0,0.769000784343528,0.7523682909806196,5,151,2,1,true,true,0.65
S30,T_1,0.6609616175538431,0.8968668597787193,1,159,3,2,true,false,0.55
S30,T_2,0.98,0.38324534579542113,2,167,4,3,true,false,0.65
S30,T_3,0.339356989219342,0.24813584798376964,3,175,5,1,true,false,0.45
S30,T_4,0.8776772297503527,0.98,4,183,2,2,true,false,0.55
S30,T_5,0.98,0.09228368772400808,5,191,3,3,true,true,0.65
S30,T_6,0.98,0.2501213498299304,1,199,4,1,true,false,0.55
S30,T_7,0.98,0.24538505221867224,2,207,5,2,true,false,0.65
S30,T_8,0.98,0.98,3,215,2,3,true,false,0.45
S30,T_9,0.98,0.98,4,223,3,1,true,false,0.55
S30,T_10,0.7507554770279834,0.8394603166343256,5,231,4,2,true,true,0.65
S30,T_11,0.47478575035609255,0.43073637897432143,1,239,5,3,true,false,0.55
S31,T_0,0.98,0.98,1,155,2,1,true,true,0.55
S31,T_1,0.9201564589948005,0.98,2,163,3,2,true,false,0.65
S31,T_2,0.98,0.7363213697940333,3,171,4,3,true,false,0.45
S31,T_3,0.98,0.98,4,179,5,1,true,false,0.55
S31,T_4,0.9586769908564384,0.98,5,187,2,2,true,false,0.65
S31,T_5,0.98,0.2545070239720031,1,195,3,3,true,true,0.55
S31,T_6,0.98,0.9032415649505572,2,203,4,1,true,false,0.65
S31,T_7,0.98,0.21209525997280365,3,211,5,2,true,false,0.45
S31,T_8,0.5444776224210838,0.28605928114629403,4,219,2,3,true,false,0.55
S31,T_9,0.98,0.9207788064651465,5,227,3,1,true,false,0.65
S31,T_10,0.02,0.02,1,235,4,2,true,true,0.55
S31,T_11,0.23020976347154387,0.583612437982877,2,243,5,3,true,false,0.65
S32,T_0,0.9090317188253776,0.6247815480530785,2,159,2,1,true,true,0.65
S32,T_1,0.44111509851461567,0.5389259227110114,3,167,3,2,true,false,0.45
S32,T_2,0.46179335817589456,0.7886808619002063,4,175,4,3,true,false,0.55
S32,T_3,0.4915546313627489,0.7980827469601436,5,183,5,1,true,false,0.65
S32,T_4,0.9588561620327902,0.26159087392534636,1,191,2,2,true,false,0.55
S32,T_5,0.7822887653780266,0.37846444420590064,2,199,3,3,true,true,0.65
S32,T_6,0.6844035685817229,0.98,3,207,4,1,true,false,0.45
S32,T_7,0.2936467404667496,0.7881796326799545,4,215,5,2,true,false,0.55
S32,T_8,0.9490841596405448,0.6874205097349636,5,223,2,3,true,false,0.65
S32,T_9,0.45316327738934375,0.98,1,231,3,1,true,false,0.55
S32,T_10,0.98,0.98,2,239,4,2,true,true,0.65
S32,T_11,0.860451577971748,0.4067690032497586,3,247,5,3,true,false,0.45
S33,T_0,0.98,0.5552061580596784,3,163,2,1,true,true,0.45
S33,T_1,0.98,0.6804622019893412,4,171,3,2,true,false,0.55
S33,T_2,0.98,0.8557314955929773,5,179,4,3,true,false,0.65
S33,T_3,0.9114173096535274,0.98,1,187,5,1,true,false,0.55
S33,T_4,0.39438777653408064,0.98,2,195,2,2,true,false,0.65
S33,T_5,0.4244408285297218,0.4994944320140134,3,203,3,3,true,true,0.45
S33,T_6,0.7075207121979384,0.321568398609299,4,211,4,1,true,false,0.55
S33,T_7,0.5743304509038979,0.2607723452979103,5,219,5,2,true,false,0.65
S33,T_8,0.02,0.7099948596895347,1,227,2,3,true,false,0.55
S33,T_9,0.913919879984081,0.98,2,235,3,1,true,false,0.65
S33,T_10,0.4757046562399304,0.98,3,243,4,2,true,true,0.45
S33,T_11,0.9717436883203435,0.02,4,251,5,3,true,false,0.55
S34,T_0,0.98,0.98,4,167,2,1,true,true,0.55
S34,T_1,0.98,0.98,5,175,3,2,true,false,0.65
S34,T_2,0.98,0.19239077145904981,1,183,4,3,true,false,0.55
S34,T_3,0.31495850002109027,0.7992934076742868,2,191,5,1,true,false,0.65
S34,T_4,0.3545029084733935,0.48806577341727475,3,199,2,2,true,false,0.45
S34,T_5,0.37574864026544075,0.98,4,207,3,3,true,true,0.55
S34,T_6,0.7371188570320951,0.619928993626023,5,215,4,1,true,false,0.65
S34,T_7,0.98,0.3476426388800561,1,223,5,2,true,false,0.55
S34,T_8,0.98,0.7598701868870479,2,231,2,3,true,false,0.65
S34,T_9,0.6559137846913492,0.8185582462207426,3,239,3,1,true,false,0.45
S34,T_10,0.5059258552793194,0.7010375883194181,4,247,4,2,true,true,0.55
S34,T_11,0.72946073968956,0.3912149901783886,5,255,5,3,true,false,0.65
S35,T_0,0.37337100180221194,0.48287956905452645,5,171,2,1,true,true,0.65
S35,T_1,0.8780977788588034,0.5219765000822253,1,179,3,2,true,false,0.55
S35,T_2,0.98,0.19653543226197867,2,187,4,3,true,false,0.65
S35,T_3,0.98,0.3948243915127451,3,195,5,1,true,false,0.45
S35,T_4,0.968287669332502,0.98,4,203,2,2,true,false,0.55
S35,T_5,0.7288911692520545,0.7413591504794437,5,211,3,3,true,true,0.65
S35,T_6,0.8898979186056071,0.4965955838617547,1,219,4,1,true,false,0.55
S35,T_7,0.98,0.98,2,227,5,2,true,false,0.65
S35,T_8,0.9471540363580236,0.98,3,235,2,3,true,false,0.45
S35,T_9,0.5230860380421064,0.5808961724874044,4,243,3,1,true,false,0.55
S35,T_10,0.1892147034549938,0.98,5,251,4,2,true,true,0.65
S35,T_11,0.9362705543195777,0.7657673189317061,1,259,5,3,true,false,0.55
S36,T_0,0.70892409206723,0.98,1,175,2,1,true,true,0.55
S36,T_1,0.16752733376216067,0.98,2,183,3,2,true,false,0.65
S36,T_2,0.06446804184544463,0.16609319570160563,3,191,4,3,true,false,0.45
S36,T_3,0.8860115007219559,0.1223913418624335,4,199,5,1,true,false,0.55
S36,T_4,0.41893969068530584,0.4536655815043597,5,207,2,2,true,false,0.65
S36,T_5,0.723989532646578,0.98,1,215,3,3,true,true,0.55
S36,T_6,0.7857032226363457,0.8291592706981238,2,223,4,1,true,false,0.65
S36,T_7,0.98,0.6063190602817399,3,231,5,2,true,false,0.45
S36,T_8,0.22085434674460547,0.98,4,239,2,3,true,false,0.55
S36,T_9,0.4122073519265705,0.2996882693324885,5,247,3,1,true,false,0.65
S36,T_10,0.98,0.6773644497556259,1,255,4,2,true,true,0.55
S36,T_11,0.98,0.2515107503693531,2,263,5,3,true,false,0.65
S37,T_0,0.7443781416251799,0.7464671923640801,2,179,2,1,true,true,0.65
S37,T_1,0.98,0.925871942036665,3,187,3,2,true,false,0.45
S37,T_2,0.98,0.6727548341666157,4,195,4,3,true,false,0.55
S37,T_3,0.98,0.4627078470499615,5,203,5,1,true,false,0.65
S37,T_4,0.98,0.9126396049571128,1,211,2,2,true,false,0.55
S37,T_5,0.6286209206565662,0.8831517633754452,2,219,3,3,true,true,0.65
S37,T_6,0.632370432500344,0.98,3,227,4,1,true,false,0.45
S37,T_7,0.7789137963912977,0.38603519984262574,4,235,5,2,true,false,0.55
S37,T_8,0.3553453623287738,0.7864103993355567,5,243,2,3,true,false,0.65
S37,T_9,0.788663511008665,0.98,1,251,3,1,true,false,0.55
S37,T_10,0.98,0.98,2,259,4,2,true,true,0.65
S37,T_11,0.03995090322852324,0.6579663661544592,3,267,5,3,true,false,0.45
S38,T_0,0.6222126379768156,0.9654865637691704,3,183,2,1,true,true,0.45
S38,T_1,0.5287024641382214,0.8249392312579311,4,191,3,2,true,false,0.55
S38,T_2,0.46159747142645,0.8415161012261054,5,199,4,3,true,false,0.65
S38,T_3,0.02,0.98,1,207,5,1,true,false,0.55
S38,T_4,0.934142077671337,0.939114596661731,2,215,2,2,true,false,0.65
S38,T_5,0.5308421731426949,0.6370617267041747,3,223,3,3,true,true,0.45
S38,T_6,0.8538668462672777,0.98,4,231,4,1,true,false,0.55
S38,T_7,0.892400593553248,0.98,5,239,5,2,true,false,0.65
S38,T_8,0.98,0.05414352949922374,1,247,2,3,true,false,0.55
S38,T_9,0.3474724979579753,0.7299899889378357,2,255,3,1,true,false,0.65
S38,T_10,0.98,0.6897760239826658,3,263,4,2,true,true,0.45
S38,T_11,0.31677042356622936,0.5485155657437357,4,271,5,3,true,false,0.55
S39,T_0,0.98,0.6552442125874255,4,187,2,1,true,true,0.55
S39,T_1,0.8279471465303333,0.6039434460022131,5,195,3,2,true,false,0.65
S39,T_2,0.98,0.98,1,203,4,3,true,false,0.55
S39,T_3,0.5687814255646381,0.98,2,211,5,1,true,false,0.65
S39,T_4,0.46538212616013347,0.98,3,219,2,2,true,false,0.45
S39,T_5,0.02,0.98,4,227,3,3,true,true,0.55
S39,T_6,0.41510002558431547,0.98,5,235,4,1,true,false,0.65
S39,T_7,0.7564437975870918,0.98,1,243,5,2,true,false,0.55
S39,T_8,0.3742486555666796,0.539290214006091,2,251,2,3,true,false,0.65
S39,T_9,0.98,0.7636886283859333,3,259,3,1,true,false,0.45
S39,T_10,0.5567564483712306,0.7927398304742409,4,267,4,2,true,true,0.55
S39,T_11,0.5478052425629888,0.2741956766346555,5,275,5,3,true,false,0.65
S40,T_0,0.8413952777325674,0.98,5,191,2,1,true,true,0.65
S40,T_1,0.20845806024868996,0.9616833899593131,1,199,3,2,true,false,0.55
S40,T_2,0.7288710336014091,0.98,2,207,4,3,true,false,0.65
S40,T_3,0.5855514479520398,0.98,3,215,5,1,true,false,0.45
S40,T_4,0.02,0.98,4,223,2,2,true,false,0.55
S40,T_5,0.98,0.8906319522914646,5,231,3,3,true,true,0.65
S40,T_6,0.46545265456941826,0.6859243739285495,1,239,4,1,true,false,0.55
S40,T_7,0.7861453937392364,0.38593961501435436,2,247,5,2,true,false,0.65
S40,T_8,0.98,0.3006688431257661,3,255,2,3,true,false,0.45
S40,T_9,0.98,0.98,4,263,3,1,true,false,0.55
S40,T_10,0.98,0.8127345287682345,5,271,4,2,true,true,0.65
S40,T_11,0.6661281792509518,0.98,1,279,5,3,true,false,0.55
S41,T_0,0.798789857956633,0.98,1,195,2,1,true,true,0.55
S41,T_1,0.02,0.15086998883388636,2,203,3,2,true,false,0.65
S41,T_2,0.7978826294717948,0.98,3,211,4,3,true,false,0.45
S41,T_3,0.22591753384341284,0.98,4,219,5,1,true,false,0.55
S41,T_4,0.98,0.46825098356795425,5,227,2,2,true,false,0.65
S41,T_5,0.98,0.8627743070152607,1,235,3,3,true,true,0.55
S41,T_6,0.98,0.07391394247362315,2,243,4,1,true,false,0.65
S41,T_7,0.11832157452523251,0.67068935784569,3,251,5,2,true,false,0.45
S41,T_8,0.98,0.605016755550734,4,259,2,3,true,false,0.55
S41,T_9,0.38623564537176536,0.7071199487172368,5,267,3,1,true,false,0.65
S41,T_10,0.02,0.10585486177016079,1,275,4,2,true,true,0.55
S41,T_11,0.49162343379742934,0.5136115376842442,2,283,5,3,true,false,0.65
S42,T_0,0.27517832648930474,0.7074190247243851,2,199,2,1,true,true,0.65
S42,T_1,0.634096772056086,0.6966467100243198,3,207,3,2,true,false,0.45
S42,T_2,0.98,0.98,4,215,4,3,true,false,0.55
S42,T_3,0.5531764882906154,0.98,5,223,5,1,true,false,0.65
S42,T_4,0.6762715812178284,0.98,1,231,2,2,true,false,0.55
S42,T_5,0.36978992301714286,0.98,2,239,3,3,true,true,0.65
S42,T_6,0.7044061842842976,0.8668558246556962,3,247,4,1,true,false,0.45
S42,T_7,0.98,0.98,4,255,5,2,true,false,0.55
S42,T_8,0.8053926995490307,0.98,5,263,2,3,true,false,0.65
S42,T_9,0.4525352817614788,0.813083907578342,1,271,3,1,true,false,0.55
S42,T_10,0.02,0.98,2,279,4,2,true,true,0.65
S42,T_11,0.98,0.98,3,287,5,3,true,false,0.45
S43,T_0,0.40379042292145345,0.8503147031379948,3,203,2,1,true,true,0.45
S43,T_1,0.9705426404835225,0.98,4,211,3,2,true,false,0.55
S43,T_2,0.378316625268798,0.5752568404655394,5,219,4,3,true,false,0.65
S43,T_3,0.22649027700717117,0.1837555864574808,1,227,5,1,true,false,0.55
S43,T_4,0.98,0.98,2,235,2,2,true,false,0.65
S43,T_5,0.41345715609634465,0.952762447509198,3,243,3,3,true,true,0.45
S43,T_6,0.3738714974562252,0.98,4,251,4,1,true,false,0.55
S43,T_7,0.98,0.98,5,259,5,2,true,false,0.65
S43,T_8,0.6752139299857685,0.7300574458953498,1,267,2,3,true,false,0.55
S43,T_9,0.6731298750812142,0.98,2,275,3,1,true,false,0.65
S43,T_10,0.02,0.8731039644017641,3,283,4,2,true,true,0.45
S43,T_11,0.06011902517935208,0.4286942486454674,4,291,5,3,true,false,0.55
S44,T_0,0.1213371782951922,0.02,4,207,2,1,true,true,0.55
S44,T_1,0.98,0.98,5,215,3,2,true,false,0.65
S44,T_2,0.98,0.98,1,223,4,3,true,false,0.55
S44,T_3,0.9506112137511911,0.9201624599400618,2,231,5,1,true,false,0.65
S44,T_4,0.98,0.5072273299478023,3,239,2,2,true,false,0.45
S44,T_5,0.8890752946740712,0.98,4,247,3,3,true,true,0.55
S44,T_6,0.7981835659548031,0.14166287045932502,5,255,4,1,true,false,0.65
S44,T_7,0.98,0.36129589673531676,1,263,5,2,true,false,0.55
S44,T_8,0.6979588587737556,0.19928065872081058,2,271,2,3,true,false,0.65
S44,T_9,0.98,0.98,3,279,3,1,true,false,0.45
S44,T_10,0.02,0.6851574516952152,4,287,4,2,true,true,0.55
S44,T_11,0.7492364019433526,0.27723336191273157,5,295,5,3,true,false,0.65
S45,T_0,0.02,0.3296777931791679,5,211,2,1,true,true,0.65
S45,T_1,0.2605067872873694,0.98,1,219,3,2,true,false,0.55
S45,T_2,0.965047548166161,0.9078493330281422,2,227,4,3,true,false,0.65
S45,T_3,0.4365935185150701,0.98,3,235,5,1,true,false,0.45
S45,T_4,0.23983449961608316,0.02,4,243,2,2,true,false,0.55
S45,T_5,0.98,0.98,5,251,3,3,true,true,0.65
S45,T_6,0.7884555785790412,0.98,1,259,4,1,true,false,0.55
S45,T_7,0.98,0.2751377045993059,2,267,5,2,true,false,0.65
S45,T_8,0.7365630889335246,0.2939547632272129,3,275,2,3,true,false,0.45
S45,T_9,0.7045323148561454,0.8421898584102798,4,283,3,1,true,false,0.55
S45,T_10,0.02,0.2890618038992275,5,291,4,2,true,true,0.65
S45,T_11,0.98,0.98,1,299,5,3,true,false,0.55
S46,T_0,0.5345982713757813,0.98,1,215,2,1,true,true,0.55
S46,T_1,0.6471897016023256,0.98,2,223,3,2,true,false,0.65
S46,T_2,0.98,0.9456309839600081,3,231,4,3,true,false,0.45
S46,T_3,0.98,0.1939676996470926,4,239,5,1,true,false,0.55
S46,T_4,0.3723825137213079,0.91100508846958,5,247,2,2,true,false,0.65
S46,T_5,0.98,0.429602216746473,1,255,3,3,true,true,0.55
S46,T_6,0.42081240996612357,0.08886315010341772,2,263,4,1,true,false,0.65
S46,T_7,0.5772824169001967,0.98,3,271,5,2,true,false,0.45
S46,T_8,0.98,0.15000604927113848,4,279,2,3,true,false,0.55
S46,T_9,0.9162734180490755,0.98,5,287,3,1,true,false,0.65
S46,T_10,0.9478838134742628,0.7918283840622595,1,295,4,2,true,true,0.55
S46,T_11,0.98,0.5970098527430676,2,303,5,3,true,false,0.65
S47,T_0,0.7295830986140712,0.4627407124021795,2,219,2,1,true,true,0.65
S47,T_1,0.98,0.7494413088027907,3,227,3,2,true,false,0.45
S47,T_2,0.02,0.98,4,235,4,3,true,false,0.55
S47,T_3,0.40140004018781883,0.0546243864900019,5,243,5,1,true,false,0.65
S47,T_4,0.5934027578968893,0.98,1,251,2,2,true,false,0.55
S47,T_5,0.36650687526259257,0.4025030733989498,2,259,3,3,true,true,0.65
S47,T_6,0.98,0.02,3,267,4,1,true,false,0.45
S47,T_7,0.49056224982295216,0.5118167194241741,4,275,5,2,true,false,0.55
S47,T_8,0.8071934770712997,0.5264029821733585,5,283,2,3,true,false,0.65
S47,T_9,0.98,0.8197769075214749,1,291,3,1,true,false,0.55
S47,T_10,0.8103808793685189,0.98,2,299,4,2,true,true,0.65
S47,T_11,0.3528801825530156,0.98,3,307,5,3,true,false,0.45
S48,T_0,0.98,0.05547597590040532,3,223,2,1,true,true,0.45
S48,T_1,0.98,0.98,4,231,3,2,true,false,0.55
S48,T_2,0.9561156982674466,0.7626056585392353,5,239,4,3,true,false,0.65
S48,T_3,0.9739973662298814,0.98,1,247,5,1,true,false,0.55
S48,T_4,0.7269579976911618,0.8995531967890704,2,255,2,2,true,false,0.65
S48,T_5,0.44389725170971006,0.02,3,263,3,3,true,true,0.45
S48,T_6,0.02,0.8966865136257005,4,271,4,1,true,false,0.55
S48,T_7,0.37834421986812256,0.98,5,279,5,2,true,false,0.65
S48,T_8,0.4042232244256292,0.98,1,287,2,3,true,false,0.55
S48,T_9,0.570257373739095,0.6819729122150615,2,295,3,1,true,false,0.65
S48,T_10,0.4907511419072869,0.8589430925505028,3,303,4,2,true,true,0.45
S48,T_11,0.02,0.33215549735107414,4,311,5,3,true,false,0.55
S49,T_0,0.08718561420386806,0.98,4,227,2,1,true,true,0.55
S49,T_1,0.02,0.5933519175789543,5,235,3,2,true,false,0.65
S49,T_2,0.5485903326635282,0.98,1,243,4,3,true,false,0.55
S49,T_3,0.5437751598531866,0.38204468225687505,2,251,5,1,true,false,0.65
S49,T_4,0.98,0.9554802167176816,3,259,2,2,true,false,0.45
S49,T_5,0.4763697856256325,0.24014139831320314,4,267,3,3,true,true,0.55
S49,T_6,0.9459800480201865,0.38946979147617367,5,275,4,1,true,false,0.65
S49,T_7,0.98,0.3801433331869541,1,283,5,2,true,false,0.55
S49,T_8,0.98,0.8969278800085816,2,291,2,3,true,false,0.65
S49,T_9,0.5710161244498673,0.02,3,299,3,1,true,false,0.45
S49,T_10,0.9477430751602542,0.3327059372106828,4,307,4,2,true,true,0.55
S49,T_11,0.9015773028174692,0.98,5,315,5,3,true,false,0.65
S50,T_0,0.98,0.6404879329714892,5,231,2,1,true,true,0.65
S50,T_1,0.8928208278183368,0.98,1,239,3,2,true,false,0.55
S50,T_2,0.5964822312843673,0.21999796107284708,2,247,4,3,true,false,0.65
S50,T_3,0.6625627690581009,0.8004837477284388,3,255,5,1,true,false,0.45
S50,T_4,0.5464411424134116,0.9493440711437302,4,263,2,2,true,false,0.55
S50,T_5,0.7511765266944864,0.02,5,271,3,3,true,true,0.65
S50,T_6,0.3422848086886284,0.8679718007214479,1,279,4,1,true,false,0.55
S50,T_7,0.98,0.98,2,287,5,2,true,false,0.65
S50,T_8,0.98,0.13297595505061865,3,295,2,3,true,false,0.45
S50,T_9,0.7884432356618403,0.98,4,303,3,1,true,false,0.55
S50,T_10,0.02,0.13362045186335902,5,311,4,2,true,true,0.65
S50,T_11,0.5018589263606561,0.98,1,319,5,3,true,false,0.55
S51,T_0,0.42947125517893325,0.02,1,235,2,1,true,true,0.55
S51,T_1,0.27679597756235463,0.98,2,243,3,2,true,false,0.65
S51,T_2,0.04632931645443361,0.02,3,251,4,3,true,false,0.45
S51,T_3,0.09720976553541039,0.9487411088854247,4,259,5,1,true,false,0.55
S51,T_4,0.02,0.916907368475999,5,267,2,2,true,false,0.65
S51,T_5,0.20114524537601497,0.98,1,275,3,3,true,true,0.55
S51,T_6,0.9789834145272666,0.5052141430923651,2,283,4,1,true,false,0.65
S51,T_7,0.02,0.3130134727997677,3,291,5,2,true,false,0.45
S51,T_8,0.38456284756969566,0.98,4,299,2,3,true,false,0.55
S51,T_9,0.98,0.98,5,307,3,1,true,false,0.65
S51,T_10,0.7516790326393327,0.03351302027786529,1,315,4,2,true,true,0.55
S51,T_11,0.7919010287995107,0.02,2,323,5,3,true,false,0.65
S52,T_0,0.4436469682166778,0.3153523476797328,2,239,2,1,true,true,0.65
S52,T_1,0.98,0.98,3,247,3,2,true,false,0.45
S52,T_2,0.33196824127748426,0.6930713014281762,4,255,4,3,true,false,0.55
S52,T_3,0.98,0.8756003621409166,5,263,5,1,true,false,0.65
S52,T_4,0.02,0.98,1,271,2,2,true,false,0.55
S52,T_5,0.36563593113585746,0.98,2,279,3,3,true,true,0.65
S52,T_6,0.4597856678005042,0.98,3,287,4,1,true,false,0.45
S52,T_7,0.8364314459769766,0.98,4,295,5,2,true,false,0.55
S52,T_8,0.5395697502315757,0.98,5,303,2,3,true,false,0.65
S52,T_9,0.98,0.9295563160532208,1,311,3,1,true,false,0.55
S52,T_10,0.3791816946240734,0.98,2,319,4,2,true,true,0.65
S52,T_11,0.8963457344301209,0.5588956993114397,3,327,5,3,true,false,0.45
S53,T_0,0.8339721238959673,0.98,3,243,2,1,true,true,0.45
S53,T_1,0.35541705808939345,0.7388038933371921,4,251,3,2,true,false,0.55
S53,T_2,0.98,0.8068641355574443,5,259,4,3,true,false,0.65
S53,T_3,0.9158476367296089,0.42570718024420295,1,267,5,1,true,false,0.55
S53,T_4,0.6106241403929823,0.5569384306016198,2,275,2,2,true,false,0.65
S53,T_5,0.02,0.6866424104848559,3,283,3,3,true,true,0.45
S53,T_6,0.8240652050220112,0.02,4,291,4,1,true,false,0.55
S53,T_7,0.5991023788621528,0.580037641714492,5,299,5,2,true,false,0.65
S53,T_8,0.4276671903650057,0.98,1,307,2,3,true,false,0.55
S53,T_9,0.6733729056048529,0.98,2,315,3,1,true,false,0.65
S53,T_10,0.9388141667427259,0.3114704882166616,3,323,4,2,true,true,0.45
S53,T_11,0.98,0.98,4,331,5,3,true,false,0.55
S54,T_0,0.98,0.98,4,247,2,1,true,true,0.55
S54,T_1,0.28641255488573003,0.34725070152686194,5,255,3,2,true,false,0.65
S54,T_2,0.02,0.98,1,263,4,3,true,false,0.55
S54,T_3,0.19878180330403183,0.98,2,271,5,1,true,false,0.65
S54,T_4,0.98,0.4945998232391393,3,279,2,2,true,false,0.45
S54,T_5,0.02,0.98,4,287,3,3,true,true,0.55
S54,T_6,0.98,0.8881820337797349,5,295,4,1,true,false,0.65
S54,T_7,0.98,0.98,1,303,5,2,true,false,0.55
S54,T_8,0.8593479633249023,0.98,2,311,2,3,true,false,0.65
S54,T_9,0.9338921043056397,0.5938166990386279,3,319,3,1,true,false,0.45
S54,T_10,0.02,0.8843625160435429,4,327,4,2,true,true,0.55
S54,T_11,0.6709366710459119,0.02,5,335,5,3,true,false,0.65
S55,T_0,0.8786019867898063,0.5123169523360923,5,251,2,1,true,true,0.65
S55,T_1,0.98,0.4226210053211562,1,259,3,2,true,false,0.55
S55,T_2,0.02,0.98,2,267,4,3,true,false,0.65
S55,T_3,0.3710322796164242,0.98,3,275,5,1,true,false,0.45
S55,T_4,0.98,0.263463629631033,4,283,2,2,true,false,0.55
S55,T_5,0.13945067972485803,0.98,5,291,3,3,true,true,0.65
S55,T_6,0.8430721368123825,0.98,1,299,4,1,true,false,0.55
S55,T_7,0.8584398638114439,0.6839042431719523,2,307,5,2,true,false,0.65
S55,T_8,0.6364970681776123,0.98,3,315,2,3,true,false,0.45
S55,T_9,0.98,0.98,4,323,3,1,true,false,0.55
S55,T_10,0.8314950546543747,0.8657308568927742,5,331,4,2,true,true,0.65
S55,T_11,0.98,0.31522630052153155,1,339,5,3,true,false,0.55
S56,T_0,0.98,0.02,1,255,2,1,true,true,0.55
S56,T_1,0.98,0.8144703067329588,2,263,3,2,true,false,0.65
S56,T_2,0.98,0.7911360693548061,3,271,4,3,true,false,0.45
S56,T_3,0.5608011531613102,0.98,4,279,5,1,true,false,0.55
S56,T_4,0.44123779714020495,0.2435371978264309,5,287,2,2,true,false,0.65
S56,T_5,0.98,0.98,1,295,3,3,true,true,0.55
S56,T_6,0.7395063570329181,0.98,2,303,4,1,true,false,0.65
S56,T_7,0.7683544728912272,0.7955190530049805,3,311,5,2,true,false,0.45
S56,T_8,0.3521959844946889,0.5495429967455474,4,319,2,3,true,false,0.55
S56,T_9,0.02,0.39340412093848615,5,327,3,1,true,false,0.65
S56,T_10,0.98,0.5514180149344811,1,335,4,2,true,true,0.55
S56,T_11,0.7235825521677155,0.98,2,343,5,3,true,false,0.65
S57,T_0,0.98,0.33826034678565825,2,259,2,1,true,true,0.65
S57,T_1,0.10187124205441389,0.856334445170039,3,267,3,2,true,false,0.45
S57,T_2,0.98,0.7061464496549327,4,275,4,3,true,false,0.55
S57,T_3,0.6071733467346956,0.98,5,283,5,1,true,false,0.65
S57,T_4,0.7024502623815055,0.41541430529574214,1,291,2,2,true,false,0.55
S57,T_5,0.98,0.7260930410417075,2,299,3,3,true,true,0.65
S57,T_6,0.98,0.98,3,307,4,1,true,false,0.45
S57,T_7,0.98,0.02,4,315,5,2,true,false,0.55
S57,T_8,0.4570114321575683,0.9096449723503214,5,323,2,3,true,false,0.65
S57,T_9,0.6587995451313854,0.98,1,331,3,1,true,false,0.55
S57,T_10,0.5632535848335769,0.8671938451641515,2,339,4,2,true,true,0.65
S57,T_11,0.5629488611572082,0.7897825360671658,3,347,5,3,true,false,0.45
S58,T_0,0.10294138170785305,0.047776918588804396,3,263,2,1,true,true,0.45
S58,T_1,0.98,0.98,4,271,3,2,true,false,0.55
S58,T_2,0.9355556264742494,0.98,5,279,4,3,true,false,0.65
S58,T_3,0.98,0.98,1,287,5,1,true,false,0.55
S58,T_4,0.02,0.98,2,295,2,2,true,false,0.65
S58,T_5,0.43275105249137796,0.98,3,303,3,3,true,true,0.45
S58,T_6,0.256864933243111,0.98,4,311,4,1,true,false,0.55
S58,T_7,0.5147067588306488,0.98,5,319,5,2,true,false,0.65
S58,T_8,0.3480446815477919,0.4835314129389849,1,327,2,3,true,false,0.55
S58,T_9,0.98,0.4016777743450362,2,335,3,1,true,false,0.65
S58,T_10,0.8702982815989069,0.98,3,343,4,2,true,true,0.45
S58,T_11,0.98,0.98,4,351,5,3,true,false,0.55
S59,T_0,0.4697169903658821,0.98,4,267,2,1,true,true,0.55
S59,T_1,0.9743073338692543,0.06677864123898192,5,275,3,2,true,false,0.65
S59,T_2,0.8014596780836902,0.184726062569037,1,283,4,3,true,false,0.55
S59,T_3,0.98,0.6831248092658379,2,291,5,1,true,false,0.65
S59,T_4,0.98,0.3700062543833061,3,299,2,2,true,false,0.45
S59,T_5,0.8648975305297854,0.5663352444077041,4,307,3,3,true,true,0.55
S59,T_6,0.98,0.98,5,315,4,1,true,false,0.65
S59,T_7,0.98,0.5210131784271108,1,323,5,2,true,false,0.55
S59,T_8,0.98,0.8145811631004989,2,331,2,3,true,false,0.65
S59,T_9,0.98,0.6684001556476812,3,339,3,1,true,false,0.45
S59,T_10,0.98,0.4423317320936389,4,347,4,2,true,true,0.55
S59,T_11,0.98,0.1291499238599968,5,355,5,3,true,false,0.65
S60,T_0,0.98,0.5044973109827535,5,271,2,1,true,true,0.65
S60,T_1,0.98,0.6273073904480347,1,279,3,2,true,false,0.55
S60,T_2,0.26572930812764384,0.2975484923942074,2,287,4,3,true,false,0.65
S60,T_3,0.3785664650649399,0.98,3,295,5,1,true,false,0.45
S60,T_4,0.98,0.98,4,303,2,2,true,false,0.55
S60,T_5,0.98,0.02,5,311,3,3,true,true,0.65
S60,T_6,0.9361509469923042,0.98,1,319,4,1,true,false,0.55
S60,T_7,0.02,0.98,2,327,5,2,true,false,0.65
S60,T_8,0.98,0.29518994707032215,3,335,2,3,true,false,0.45
S60,T_9,0.1497759364486565,0.728638505461955,4,343,3,1,true,false,0.55
S60,T_10,0.02,0.98,5,351,4,2,true,true,0.65
S60,T_11,0.98,0.02,1,359,5,3,true,false,0.55
S61,T_0,0.98,0.967584690519265,1,275,2,1,true,true,0.55
S61,T_1,0.98,0.8383204882169324,2,283,3,2,true,false,0.65
S61,T_2,0.02,0.98,3,291,4,3,true,false,0.45
S61,T_3,0.98,0.02,4,299,5,1,true,false,0.55
S61,T_4,0.3694169596792936,0.98,5,307,2,2,true,false,0.65
S61,T_5,0.7369794899924647,0.98,1,315,3,3,true,true,0.55
S61,T_6,0.5831229420521262,0.7306654442341198,2,323,4,1,true,false,0.65
S61,T_7,0.8044697632916092,0.98,3,331,5,2,true,false,0.45
S61,T_8,0.40613719489165484,0.98,4,339,2,3,true,false,0.55
S61,T_9,0.98,0.98,5,347,3,1,true,false,0.65
S61,T_10,0.02,0.02,1,355,4,2,true,true,0.55
S61,T_11,0.45399470987925605,0.915480530023306,2,363,5,3,true,false,0.65
S62,T_0,0.7881777161464872,0.8151570660521126,2,279,2,1,true,true,0.65
S62,T_1,0.02,0.6063551565454698,3,287,3,2,true,false,0.45
S62,T_2,0.97128890206352,0.5661480796255532,4,295,4,3,true,false,0.55
S62,T_3,0.98,0.23220690183135195,5,303,5,1,true,false,0.65
S62,T_4,0.98,0.4893675057072345,1,311,2,2,true,false,0.55
S62,T_5,0.8740178509588158,0.98,2,319,3,3,true,true,0.65
S62,T_6,0.5723809084450914,0.98,3,327,4,1,true,false,0.45
S62,T_7,0.710569021255635,0.02,4,335,5,2,true,false,0.55
S62,T_8,0.98,0.7026899511285002,5,343,2,3,true,false,0.65
S62,T_9,0.08517157876178727,0.22419842998767459,1,351,3,1,true,false,0.55
S62,T_10,0.4193229530136572,0.98,2,359,4,2,true,true,0.65
S62,T_11,0.3735487700288185,0.775602076826718,3,367,5,3,true,false,0.45
S63,T_0,0.02,0.02,3,283,2,1,true,true,0.45
S63,T_1,0.31317020304327436,0.98,4,291,3,2,true,false,0.55
S63,T_2,0.5809145344956456,0.98,5,299,4,3,true,false,0.65
S63,T_3,0.5635869001079152,0.5604299847320342,1,307,5,1,true,false,0.55
S63,T_4,0.8884842000153038,0.9461445244520822,2,315,2,2,true,false,0.65
S63,T_5,0.02,0.5690619949945567,3,323,3,3,true,true,0.45
S63,T_6,0.98,0.4131849425375342,4,331,4,1,true,false,0.55
S63,T_7,0.98,0.98,5,339,5,2,true,false,0.65
S63,T_8,0.98,0.515363920336538,1,347,2,3,true,false,0.55
S63,T_9,0.98,0.02,2,355,3,1,true,false,0.65
S63,T_10,0.30744753489314064,0.98,3,363,4,2,true,true,0.45
S63,T_11,0.6155210209170865,0.02,4,371,5,3,true,false,0.55
S64,T_0,0.98,0.02,4,287,2,1,true,true,0.55
S64,T_1,0.956809124103044,0.5112316824976144,5,295,3,2,true,false,0.65
S64,T_2,0.35084829045814014,0.9404621320487824,1,303,4,3,true,false,0.55
S64,T_3,0.1827713527096857,0.6523337522570924,2,311,5,1,true,false,0.65
S64,T_4,0.30735009431663385,0.756893836479496,3,319,2,2,true,false,0.45
S64,T_5,0.98,0.98,4,327,3,3,true,true,0.55
S64,T_6,0.98,0.98,5,335,4,1,true,false,0.65
S64,T_7,0.98,0.98,1,343,5,2,true,false,0.55
S64,T_8,0.19446121648265147,0.865132064953607,2,351,2,3,true,false,0.65
S64,T_9,0.98,0.4775986216688879,3,359,3,1,true,false,0.45
S64,T_10,0.98,0.7287757325372604,4,367,4,2,true,true,0.55
S64,T_11,0.02,0.784929027190353,5,375,5,3,true,false,0.65
S65,T_0,0.34349721635604513,0.31101608023646327,5,291,2,1,true,true,0.65
S65,T_1,0.98,0.02,1,299,3,2,true,false,0.55
S65,T_2,0.19194781314831466,0.02,2,307,4,3,true,false,0.65
S65,T_3,0.98,0.02,3,315,5,1,true,false,0.45
S65,T_4,0.02,0.32615642509998655,4,323,2,2,true,false,0.55
S65,T_5,0.98,0.02,5,331,3,3,true,true,0.65
S65,T_6,0.02,0.98,1,339,4,1,true,false,0.55
S65,T_7,0.98,0.02,2,347,5,2,true,false,0.65
S65,T_8,0.1508623420585693,0.6602437773441632,3,355,2,3,true,false,0.45
S65,T_9,0.02,0.98,4,363,3,1,true,false,0.55
S65,T_10,0.98,0.98,5,371,4,2,true,true,0.65
S65,T_11,0.98,0.6594842407449875,1,379,5,3,true,false,0.55
S66,T_0,0.6122805053308422,0.7463109700946611,1,295,2,1,true,true,0.55
S66,T_1,0.2337217885843249,0.02,2,303,3,2,true,false,0.65
S66,T_2,0.2559481597856743,0.98,3,311,4,3,true,false,0.45
S66,T_3,0.02,0.02,4,319,5,1,true,false,0.55
S66,T_4,0.7128707709540167,0.9436610440654931,5,327,2,2,true,false,0.65
S66,T_5,0.7684556217209766,0.98,1,335,3,3,true,true,0.55
S66,T_6,0.98,0.02,2,343,4,1,true,false,0.65
S66,T_7,0.98,0.98,3,351,5,2,true,false,0.45
S66,T_8,0.02,0.2030096072391454,4,359,2,3,true,false,0.55
S66,T_9,0.358887453743221,0.8630377007895691,5,367,3,1,true,false,0.65
S66,T_10,0.02,0.7587505297498325,1,375,4,2,true,true,0.55
S66,T_11,0.8808724768175504,0.6132518728588442,2,383,5,3,true,false,0.65
S67,T_0,0.98,0.98,2,299,2,1,true,true,0.65
S67,T_1,0.5636284869616093,0.98,3,307,3,2,true,false,0.45
S67,T_2,0.02,0.02898885473813828,4,315,4,3,true,false,0.55
S67,T_3,0.4026808356796703,0.98,5,323,5,1,true,false,0.65
S67,T_4,0.98,0.4189140327577261,1,331,2,2,true,false,0.55
S67,T_5,0.4868185096015769,0.98,2,339,3,3,true,true,0.65
S67,T_6,0.46403891163387656,0.1440368951580444,3,347,4,1,true,false,0.45
S67,T_7,0.98,0.811928028128172,4,355,5,2,true,false,0.55
S67,T_8,0.2309660671286644,0.3360016189762435,5,363,2,3,true,false,0.65
S67,T_9,0.9708913012718756,0.98,1,371,3,1,true,false,0.55
S67,T_10,0.98,0.47024137025153895,2,379,4,2,true,true,0.65
S67,T_11,0.02,0.965958341540639,3,387,5,3,true,false,0.45
S68,T_0,0.8760024795632337,0.28224793093000555,3,303,2,1,true,true,0.45
S68,T_1,0.02,0.98,4,311,3,2,true,false,0.55
S68,T_2,0.98,0.8889380276241439,5,319,4,3,true,false,0.65
S68,T_3,0.02,0.02,1,327,5,1,true,false,0.55
S68,T_4,0.98,0.98,2,335,2,2,true,false,0.65
S68,T_5,0.794590600814572,0.98,3,343,3,3,true,true,0.45
S68,T_6,0.98,0.8931630972522341,4,351,4,1,true,false,0.55
S68,T_7,0.98,0.958507268531844,5,359,5,2,true,false,0.65
S68,T_8,0.98,0.98,1,367,2,3,true,false,0.55
S68,T_9,0.02,0.5300261982511629,2,375,3,1,true,false,0.65
S68,T_10,0.12312131710725271,0.98,3,383,4,2,true,true,0.45
S68,T_11,0.4672249315773004,0.98,4,391,5,3,true,false,0.55
S69,T_0,0.8421509165089739,0.98,4,307,2,1,true,true,0.55
S69,T_1,0.98,0.05486043236769622,5,315,3,2,true,false,0.65
S69,T_2,0.98,0.7170892554552994,1,323,4,3,true,false,0.55
S69,T_3,0.02,0.30092609811022614,2,331,5,1,true,false,0.65
S69,T_4,0.98,0.98,3,339,2,2,true,false,0.45
S69,T_5,0.98,0.98,4,347,3,3,true,true,0.55
S69,T_6,0.98,0.98,5,355,4,1,true,false,0.65
S69,T_7,0.2879512962087968,0.9233721148643056,1,363,5,2,true,false,0.55
S69,T_8,0.98,0.11782437158754666,2,371,2,3,true,false,0.65
S69,T_9,0.98,0.7690082859576302,3,379,3,1,true,false,0.45
S69,T_10,0.12435630468200576,0.02,4,387,4,2,true,true,0.55
S69,T_11,0.2670025926397698,0.98,5,395,5,3,true,false,0.65
S70,T_0,0.98,0.98,5,311,2,1,true,true,0.65
S70,T_1,0.02,0.2731922476020217,1,319,3,2,true,false,0.55
S70,T_2,0.98,0.98,2,327,4,3,true,false,0.65
S70,T_3,0.98,0.98,3,335,5,1,true,false,0.45
S70,T_4,0.6916169442861044,0.8895385314495595,4,343,2,2,true,false,0.55
S70,T_5,0.8057852911671265,0.7535286618672884,5,351,3,3,true,true,0.65
S70,T_6,0.02,0.02,1,359,4,1,true,false,0.55
S70,T_7,0.98,0.716880222623318,2,367,5,2,true,false,0.65
S70,T_8,0.6681371470104842,0.3159346189317845,3,375,2,3,true,false,0.45
S70,T_9,0.98,0.33047523785898697,4,383,3,1,true,false,0.55
S70,T_10,0.98,0.7647684487537116,5,391,4,2,true,true,0.65
S70,T_11,0.39749846828246815,0.98,1,399,5,3,true,false,0.55
S71,T_0,0.98,0.98,1,315,2,1,true,true,0.55
S71,T_1,0.7400312619337435,0.98,2,323,3,2,true,false,0.65
S71,T_2,0.02,0.98,3,331,4,3,true,false,0.45
S71,T_3,0.98,0.5086508073979614,4,339,5,1,true,false,0.55
S71,T_4,0.8812626291060813,0.98,5,347,2,2,true,false,0.65
S71,T_5,0.03504003797938404,0.98,1,355,3,3,true,true,0.55
S71,T_6,0.02,0.398912779106932,2,363,4,1,true,false,0.65
S71,T_7,0.8922538686162916,0.98,3,371,5,2,true,false,0.45
S71,T_8,0.98,0.5130813867111247,4,379,2,3,true,false,0.55
S71,T_9,0.9515860641116347,0.9192588844083361,5,387,3,1,true,false,0.65
S71,T_10,0.3524064952456424,0.02,1,395,4,2,true,true,0.55
S71,T_11,0.02,0.24244639393356038,2,403,5,3,true,false,0.65
S72,T_0,0.98,0.6870723118125386,2,319,2,1,true,true,0.65
S72,T_1,0.02,0.98,3,327,3,2,true,false,0.45
S72,T_2,0.19625355011859846,0.02,4,335,4,3,true,false,0.55
S72,T_3,0.05424910450471321,0.8440749448274321,5,343,5,1,true,false,0.65
S72,T_4,0.02,0.18335459828405087,1,351,2,2,true,false,0.55
S72,T_5,0.6964006099036102,0.49349410162681717,2,359,3,3,true,true,0.65
S72,T_6,0.6446241337127938,0.8251897258632402,3,367,4,1,true,false,0.45
S72,T_7,0.02,0.02,4,375,5,2,true,false,0.55
S72,T_8,0.5253371191942864,0.7424429444783793,5,383,2,3,true,false,0.65
S72,T_9,0.3582196660230031,0.02,1,391,3,1,true,false,0.55
S72,T_10,0.8083367840770637,0.98,2,399,4,2,true,true,0.65
S72,T_11,0.98,0.540733079863557,3,407,5,3,true,false,0.45
S73,T_0,0.2619046563448322,0.98,3,323,2,1,true,true,0.45
S73,T_1,0.3008443331951013,0.14232831930405376,4,331,3,2,true,false,0.55
S73,T_2,0.13236159249799018,0.98,5,339,4,3,true,false,0.65
S73,T_3,0.02,0.98,1,347,5,1,true,false,0.55
S73,T_4,0.98,0.34488908575374716,2,355,2,2,true,false,0.65
S73,T_5,0.98,0.02,3,363,3,3,true,true,0.45
S73,T_6,0.98,0.24103010253536417,4,371,4,1,true,false,0.55
S73,T_7,0.98,0.39799807264930226,5,379,5,2,true,false,0.65
S73,T_8,0.02,0.6477761453202703,1,387,2,3,true,false,0.55
S73,T_9,0.3548161874113278,0.98,2,395,3,1,true,false,0.65
S73,T_10,0.4746561110864283,0.1703722495553932,3,403,4,2,true,true,0.45
S73,T_11,0.6099217416840969,0.8573923235823296,4,411,5,3,true,false,0.55
S74,T_0,0.98,0.98,4,327,2,1,true,true,0.55
S74,T_1,0.8143574231650335,0.9278057693736085,5,335,3,2,true,false,0.65
S74,T_2,0.3824033000973078,0.7014830114830887,1,343,4,3,true,false,0.55
S74,T_3,0.3904875581743126,0.98,2,351,5,1,true,false,0.65
S74,T_4,0.98,0.6699735523822334,3,359,2,2,true,false,0.45
S74,T_5,0.98,0.02,4,367,3,3,true,true,0.55
S74,T_6,0.02,0.8982877126010638,5,375,4,1,true,false,0.65
S74,T_7,0.02,0.98,1,383,5,2,true,false,0.55
S74,T_8,0.98,0.98,2,391,2,3,true,false,0.65
S74,T_9,0.02,0.06875001124772517,3,399,3,1,true,false,0.45
S74,T_10,0.02,0.02,4,407,4,2,true,true,0.55
S74,T_11,0.98,0.98,5,415,5,3,true,false,0.65
S75,T_0,0.98,0.48779023035870267,5,331,2,1,true,true,0.65
S75,T_1,0.036016219339818245,0.98,1,339,3,2,true,false,0.55
S75,T_2,0.98,0.43591661162746803,2,347,4,3,true,false,0.65
S75,T_3,0.8758920023180552,0.02,3,355,5,1,true,false,0.45
S75,T_4,0.98,0.3182293797384245,4,363,2,2,true,false,0.55
S75,T_5,0.3665581527493084,0.98,5,371,3,3,true,true,0.65
S75,T_6,0.98,0.8457216127803892,1,379,4,1,true,false,0.55
S75,T_7,0.98,0.98,2,387,5,2,true,false,0.65
S75,T_8,0.98,0.42501552054939623,3,395,2,3,true,false,0.45
S75,T_9,0.98,0.98,4,403,3,1,true,false,0.55
S75,T_10,0.24366733033300003,0.3757018355325093,5,411,4,2,true,true,0.65
S75,T_11,0.98,0.98,1,419,5,3,true,false,0.55
S76,T_0,0.8234739354962265,0.02,1,335,2,1,true,true,0.55
S76,T_1,0.7169413386789689,0.98,2,343,3,2,true,false,0.65
S76,T_2,0.98,0.98,3,351,4,3,true,false,0.45
S76,T_3,0.98,0.98,4,359,5,1,true,false,0.55
S76,T_4,0.02,0.4557694423793782,5,367,2,2,true,false,0.65
S76,T_5,0.98,0.7643657910914758,1,375,3,3,true,true,0.55
S76,T_6,0.98,0.438689224328199,2,383,4,1,true,false,0.65
S76,T_7,0.98,0.12950189311535965,3,391,5,2,true,false,0.45
S76,T_8,0.45847885173416214,0.4496380414483492,4,399,2,3,true,false,0.55
S76,T_9,0.8034255651945631,0.8802393115116182,5,407,3,1,true,false,0.65
S76,T_10,0.98,0.26836592251175945,1,415,4,2,true,true,0.55
S76,T_11,0.98,0.98,2,423,5,3,true,false,0.65
S77,T_0,0.6083454490596618,0.02,2,339,2,1,true,true,0.65
S77,T_1,0.9019121598520966,0.98,3,347,3,2,true,false,0.45
S77,T_2,0.02,0.98,4,355,4,3,true,false,0.55
S77,T_3,0.02,0.02,5,363,5,1,true,false,0.65
S77,T_4,0.98,0.23209073880195286,1,371,2,2,true,false,0.55
S77,T_5,0.98,0.98,2,379,3,3,true,true,0.65
S77,T_6,0.7611416885096952,0.98,3,387,4,1,true,false,0.45
S77,T_7,0.98,0.98,4,395,5,2,true,false,0.55
S77,T_8,0.5823774682898658,0.02,5,403,2,3,true,false,0.65
S77,T_9,0.02,0.9719411217201428,1,411,3,1,true,false,0.55
S77,T_10,0.98,0.98,2,419,4,2,true,true,0.65
S77,T_11,0.98,0.98,3,427,5,3,true,false,0.45
S78,T_0,0.98,0.06586856742152658,3,343,2,1,true,true,0.45
S78,T_1,0.98,0.9299037957621464,4,351,3,2,true,false,0.55
S78,T_2,0.98,0.98,5,359,4,3,true,false,0.65
S78,T_3,0.6365440818348284,0.98,1,367,5,1,true,false,0.55
S78,T_4,0.98,0.5837908028346271,2,375,2,2,true,false,0.65
S78,T_5,0.98,0.6439471796589821,3,383,3,3,true,true,0.45
S78,T_6,0.02,0.6744165794422823,4,391,4,1,true,false,0.55
S78,T_7,0.2911165523435553,0.5297372900472952,5,399,5,2,true,false,0.65
S78,T_8,0.24246809248845003,0.98,1,407,2,3,true,false,0.55
S78,T_9,0.07395008054127783,0.02,2,415,3,1,true,false,0.65
S78,T_10,0.98,0.98,3,423,4,2,true,true,0.45
S78,T_11,0.02,0.98,4,431,5,3,true,false,0.55
S79,T_0,0.02,0.98,4,347,2,1,true,true,0.55
S79,T_1,0.98,0.8643231591832174,5,355,3,2,true,false,0.65
S79,T_2,0.8855337786291226,0.02,1,363,4,3,true,false,0.55
S79,T_3,0.98,0.4683059435668226,2,371,5,1,true,false,0.65
S79,T_4,0.98,0.8324819652130697,3,379,2,2,true,false,0.45
S79,T_5,0.8873931180323341,0.22944352908984078,4,387,3,3,true,true,0.55
S79,T_6,0.7057874951352574,0.10970437185394566,5,395,4,1,true,false,0.65
S79,T_7,0.98,0.98,1,403,5,2,true,false,0.55
S79,T_8,0.02,0.98,2,411,2,3,true,false,0.65
S79,T_9,0.6050024023663126,0.28948716436297717,3,419,3,1,true,false,0.45
S79,T_10,0.02,0.02,4,427,4,2,true,true,0.55
S79,T_11,0.98,0.8955645901880771,5,435,5,3,true,false,0.65
S80,T_0,0.98,0.6504972344259653,5,351,2,1,true,true,0.65
S80,T_1,0.9363252028331401,0.2711239629556593,1,359,3,2,true,false,0.55
S80,T_2,0.0940456398729217,0.33395456867905554,2,367,4,3,true,false,0.65
S80,T_3,0.98,0.28030088758112737,3,375,5,1,true,false,0.45
S80,T_4,0.02,0.02,4,383,2,2,true,false,0.55
S80,T_5,0.630872035196498,0.98,5,391,3,3,true,true,0.65
S80,T_6,0.98,0.32822802231631854,1,399,4,1,true,false,0.55
S80,T_7,0.98,0.98,2,407,5,2,true,false,0.65
S80,T_8,0.13059483611785838,0.02,3,415,2,3,true,false,0.45
S80,T_9,0.5786225033746635,0.05140595466295195,4,423,3,1,true,false,0.55
S80,T_10,0.98,0.3305507919602776,5,431,4,2,true,true,0.65
S80,T_11,0.02,0.8799257604368358,1,439,5,3,true,false,0.55
S81,T_0,0.02,0.02,1,355,2,1,true,true,0.55
S81,T_1,0.98,0.98,2,363,3,2,true,false,0.65
S81,T_2,0.6330259217939642,0.4223702909221625,3,371,4,3,true,false,0.45
S81,T_3,0.25210026903464944,0.02,4,379,5,1,true,false,0.55
S81,T_4,0.98,0.7378032387438556,5,387,2,2,true,false,0.65
S81,T_5,0.98,0.98,1,395,3,3,true,true,0.55
S81,T_6,0.98,0.02,2,403,4,1,true,false,0.65
S81,T_7,0.98,0.02,3,411,5,2,true,false,0.45
S81,T_8,0.98,0.9217230703414607,4,419,2,3,true,false,0.55
S81,T_9,0.7247617947003779,0.98,5,427,3,1,true,false,0.65
S81,T_10,0.966144235784081,0.02,1,435,4,2,true,true,0.55
S81,T_11,0.98,0.9138424855181457,2,443,5,3,true,false,0.65
S82,T_0,0.02,0.9151657724816314,2,359,2,1,true,true,0.65
S82,T_1,0.98,0.98,3,367,3,2,true,false,0.45
S82,T_2,0.98,0.98,4,375,4,3,true,false,0.55
S82,T_3,0.98,0.98,5,383,5,1,true,false,0.65
S82,T_4,0.1989271570911909,0.98,1,391,2,2,true,false,0.55
S82,T_5,0.98,0.04740119384177044,2,399,3,3,true,true,0.65
S82,T_6,0.37944228264253405,0.02,3,407,4,1,true,false,0.45
S82,T_7,0.02,0.4730284162926656,4,415,5,2,true,false,0.55
S82,T_8,0.4839512228356515,0.9329322343031823,5,423,2,3,true,false,0.65
S82,T_9,0.98,0.02,1,431,3,1,true,false,0.55
S82,T_10,0.02,0.98,2,439,4,2,true,true,0.65
S82,T_11,0.02,0.02,3,447,5,3,true,false,0.45
S83,T_0,0.02,0.98,3,363,2,1,true,true,0.45
S83,T_1,0.98,0.02,4,371,3,2,true,false,0.55
S83,T_2,0.4641849091014621,0.98,5,379,4,3,true,false,0.65
S83,T_3,0.545017863613965,0.98,1,387,5,1,true,false,0.55
S83,T_4,0.8259719966003378,0.1028630451787288,2,395,2,2,true,false,0.65
S83,T_5,0.98,0.9792716336812906,3,403,3,3,true,true,0.45
S83,T_6,0.02,0.98,4,411,4,1,true,false,0.55
S83,T_7,0.913774422004448,0.02,5,419,5,2,true,false,0.65
S83,T_8,0.98,0.6564963466351323,1,427,2,3,true,false,0.55
S83,T_9,0.20739664851541095,0.98,2,435,3,1,true,false,0.65
S83,T_10,0.98,0.6557151624132284,3,443,4,2,true,true,0.45
S83,T_11,0.98,0.02,4,451,5,3,true,false,0.55
S84,T_0,0.9768947312256661,0.98,4,367,2,1,true,true,0.55
S84,T_1,0.6825800149478614,0.02,5,375,3,2,true,false,0.65
S84,T_2,0.02,0.98,1,383,4,3,true,false,0.55
S84,T_3,0.98,0.98,2,391,5,1,true,false,0.65
S84,T_4,0.5103876695806394,0.02,3,399,2,2,true,false,0.45
S84,T_5,0.98,0.98,4,407,3,3,true,true,0.55
S84,T_6,0.41364382561840946,0.15490134848457604,5,415,4,1,true,false,0.65
S84,T_7,0.4686260216291405,0.5382911919464185,1,423,5,2,true,false,0.55
S84,T_8,0.98,0.5321268402965733,2,431,2,3,true,false,0.65
S84,T_9,0.98,0.98,3,439,3,1,true,false,0.45
S84,T_10,0.5429524998801367,0.98,4,447,4,2,true,true,0.55
S84,T_11,0.2792280816723418,0.98,5,455,5,3,true,false,0.65
S85,T_0,0.5734630173501363,0.23690793963210055,5,371,2,1,true,true,0.65
S85,T_1,0.21991334505830962,0.98,1,379,3,2,true,false,0.55
S85,T_2,0.02,0.02,2,387,4,3,true,false,0.65
S85,T_3,0.6613158264555083,0.6157931434561223,3,395,5,1,true,false,0.45
S85,T_4,0.98,0.02,4,403,2,2,true,false,0.55
S85,T_5,0.98,0.98,5,411,3,3,true,true,0.65
S85,T_6,0.917274533918857,0.98,1,419,4,1,true,false,0.55
S85,T_7,0.19076486736445097,0.98,2,427,5,2,true,false,0.65
S85,T_8,0.98,0.5670907355922304,3,435,2,3,true,false,0.45
S85,T_9,0.98,0.4686814947084776,4,443,3,1,true,false,0.55
S85,T_10,0.02,0.98,5,451,4,2,true,true,0.65
S85,T_11,0.13645548984612865,0.98,1,459,5,3,true,false,0.55
S86,T_0,0.24595774199385945,0.98,1,375,2,1,true,true,0.55
S86,T_1,0.98,0.98,2,383,3,2,true,false,0.65
S86,T_2,0.378306927322984,0.98,3,391,4,3,true,false,0.45
S86,T_3,0.07235445249283634,0.98,4,399,5,1,true,false,0.55
S86,T_4,0.98,0.98,5,407,2,2,true,false,0.65
S86,T_5,0.98,0.10546027493512866,1,415,3,3,true,true,0.55
S86,T_6,0.12743915224374291,0.7660381483194407,2,423,4,1,true,false,0.65
S86,T_7,0.02,0.98,3,431,5,2,true,false,0.45
S86,T_8,0.98,0.4407254702797763,4,439,2,3,true,false,0.55
S86,T_9,0.02,0.98,5,447,3,1,true,false,0.65
S86,T_10,0.02,0.7876337729224421,1,455,4,2,true,true,0.55
S86,T_11,0.02,0.9467320294171213,2,463,5,3,true,false,0.65
S87,T_0,0.02,0.527288982884763,2,379,2,1,true,true,0.65
S87,T_1,0.98,0.98,3,387,3,2,true,false,0.45
S87,T_2,0.5339960905931277,0.98,4,395,4,3,true,false,0.55
S87,T_3,0.98,0.9449836584717742,5,403,5,1,true,false,0.65
S87,T_4,0.98,0.599458480701875,1,411,2,2,true,false,0.55
S87,T_5,0.98,0.98,2,419,3,3,true,true,0.65
S87,T_6,0.98,0.02,3,427,4,1,true,false,0.45
S87,T_7,0.26281285000581955,0.5345374628116304,4,435,5,2,true,false,0.55
S87,T_8,0.98,0.6930577669859097,5,443,2,3,true,false,0.65
S87,T_9,0.3603508015286417,0.02,1,451,3,1,true,false,0.55
S87,T_10,0.02,0.02,2,459,4,2,true,true,0.65
S87,T_11,0.98,0.03718813746818017,3,467,5,3,true,false,0.45
S88,T_0,0.98,0.98,3,383,2,1,true,true,0.45
S88,T_1,0.98,0.98,4,391,3,2,true,false,0.55
S88,T_2,0.02,0.8220067468318399,5,399,4,3,true,false,0.65
S88,T_3,0.02,0.02,1,407,5,1,true,false,0.55
S88,T_4,0.844915368217574,0.5904257836956087,2,415,2,2,true,false,0.65
S88,T_5,0.2937140662749259,0.02,3,423,3,3,true,true,0.45
S88,T_6,0.02,0.98,4,431,4,1,true,false,0.55
S88,T_7,0.02,0.16608700134528098,5,439,5,2,true,false,0.65
S88,T_8,0.98,0.2180900270684215,1,447,2,3,true,false,0.55
S88,T_9,0.7922975165325412,0.98,2,455,3,1,true,false,0.65
S88,T_10,0.02,0.2574304073705229,3,463,4,2,true,true,0.45
S88,T_11,0.02,0.22922306999962738,4,471,5,3,true,false,0.55
S89,T_0,0.9519702983318652,0.98,4,387,2,1,true,true,0.55
S89,T_1,0.5543866691817502,0.98,5,395,3,2,true,false,0.65
S89,T_2,0.6242599333407902,0.98,1,403,4,3,true,false,0.55
S89,T_3,0.98,0.98,2,411,5,1,true,false,0.65
S89,T_4,0.657202446443857,0.02,3,419,2,2,true,false,0.45
S89,T_5,0.6046075632497083,0.1957942007153337,4,427,3,3,true,true,0.55
S89,T_6,0.98,0.025090279354954115,5,435,4,1,true,false,0.65
S89,T_7,0.6606173121748776,0.98,1,443,5,2,true,false,0.55
S89,T_8,0.02,0.02,2,451,2,3,true,false,0.65
S89,T_9,0.4356585665780905,0.6377139169690437,3,459,3,1,true,false,0.45
S89,T_10,0.6047030590630198,0.3062351729687852,4,467,4,2,true,true,0.55
S89,T_11,0.98,0.98,5,475,5,3,true,false,0.65
S90,T_0,0.98,0.98,5,391,2,1,true,true,0.65
S90,T_1,0.98,0.8733534246729606,1,399,3,2,true,false,0.55
S90,T_2,0.98,0.7366047129521651,2,407,4,3,true,false,0.65
S90,T_3,0.4100324276858921,0.02,3,415,5,1,true,false,0.45
S90,T_4,0.98,0.98,4,423,2,2,true,false,0.55
S90,T_5,0.98,0.98,5,431,3,3,true,true,0.65
S90,T_6,0.98,0.0841193976403457,1,439,4,1,true,false,0.55
S90,T_7,0.02,0.5254219049660018,2,447,5,2,true,false,0.65
S90,T_8,0.2345205962903223,0.23069486211039492,3,455,2,3,true,false,0.45
S90,T_9,0.7781346865979186,0.452130559018822,4,463,3,1,true,false,0.55
S90,T_10,0.46801865904402246,0.3940929816650373,5,471,4,2,true,true,0.65
S90,T_11,0.98,0.723230521294816,1,479,5,3,true,false,0.55
S91,T_0,0.02,0.02,1,395,2,1,true,true,0.55
S91,T_1,0.02,0.98,2,403,3,2,true,false,0.65
S91,T_2,0.02,0.35702084777673876,3,411,4,3,true,false,0.45
S91,T_3,0.02,0.47827175751121503,4,419,5,1,true,false,0.55
S91,T_4,0.98,0.5659005642239022,5,427,2,2,true,false,0.65
S91,T_5,0.98,0.98,1,435,3,3,true,true,0.55
S91,T_6,0.02,0.98,2,443,4,1,true,false,0.65
S91,T_7,0.04340129821931038,0.02,3,451,5,2,true,false,0.45
S91,T_8,0.98,0.2098905913097493,4,459,2,3,true,false,0.55
S91,T_9,0.98,0.98,5,467,3,1,true,false,0.65
S91,T_10,0.7090665120816871,0.02,1,475,4,2,true,true,0.55
S91,T_11,0.98,0.98,2,483,5,3,true,false,0.65
S92,T_0,0.02,0.7656007486101489,2,399,2,1,true,true,0.65
S92,T_1,0.3901098595580807,0.98,3,407,3,2,true,false,0.45
S92,T_2,0.98,0.3723723009560961,4,415,4,3,true,false,0.55
S92,T_3,0.02,0.98,5,423,5,1,true,false,0.65
S92,T_4,0.02,0.7887243582982326,1,431,2,2,true,false,0.55
S92,T_5,0.39605925378092754,0.02,2,439,3,3,true,true,0.65
S92,T_6,0.8161740446763937,0.33073569120360463,3,447,4,1,true,false,0.45
S92,T_7,0.98,0.4969971200572443,4,455,5,2,true,false,0.55
S92,T_8,0.98,0.98,5,463,2,3,true,false,0.65
S92,T_9,0.9652255338316487,0.5398095953453271,1,471,3,1,true,false,0.55
S92,T_10,0.7900359347651581,0.6933696101118086,2,479,4,2,true,true,0.65
S92,T_11,0.02,0.98,3,487,5,3,true,false,0.45
S93,T_0,0.4989624500709948,0.98,3,403,2,1,true,true,0.45
S93,T_1,0.7590704145033998,0.02,4,411,3,2,true,false,0.55
S93,T_2,0.02,0.1321150577450808,5,419,4,3,true,false,0.65
S93,T_3,0.98,0.98,1,427,5,1,true,false,0.55
S93,T_4,0.4992542746043919,0.6359741241787636,2,435,2,2,true,false,0.65
S93,T_5,0.02,0.98,3,443,3,3,true,true,0.45
S93,T_6,0.98,0.163064515603212,4,451,4,1,true,false,0.55
S93,T_7,0.98,0.02,5,459,5,2,true,false,0.65
S93,T_8,0.98,0.98,1,467,2,3,true,false,0.55
S93,T_9,0.98,0.3242371709861446,2,475,3,1,true,false,0.65
S93,T_10,0.02,0.02,3,483,4,2,true,true,0.45
S93,T_11,0.02,0.98,4,491,5,3,true,false,0.55
S94,T_0,0.9614929260274083,0.828376608952357,4,407,2,1,true,true,0.55
S94,T_1,0.02,0.02,5,415,3,2,true,false,0.65
S94,T_2,0.98,0.98,1,423,4,3,true,false,0.55
S94,T_3,0.98,0.685244008549822,2,431,5,1,true,false,0.65
S94,T_4,0.98,0.18318799693869803,3,439,2,2,true,false,0.45
S94,T_5,0.12158556202260618,0.98,4,447,3,3,true,true,0.55
S94,T_6,0.6752568955915619,0.98,5,455,4,1,true,false,0.65
S94,T_7,0.02,0.27936483788566185,1,463,5,2,true,false,0.55
S94,T_8,0.98,0.6500045403497698,2,471,2,3,true,false,0.65
S94,T_9,0.9312626357489519,0.2024602260975592,3,479,3,1,true,false,0.45
S94,T_10,0.98,0.619111169034082,4,487,4,2,true,true,0.55
S94,T_11,0.02,0.25321235397432496,5,495,5,3,true,false,0.65
S95,T_0,0.02,0.6459689707475755,5,411,2,1,true,true,0.65
S95,T_1,0.2613222552172221,0.02,1,419,3,2,true,false,0.55
S95,T_2,0.02,0.98,2,427,4,3,true,false,0.65
S95,T_3,0.98,0.6533149294066004,3,435,5,1,true,false,0.45
S95,T_4,0.98,0.9057463455232883,4,443,2,2,true,false,0.55
S95,T_5,0.98,0.02,5,451,3,3,true,true,0.65
S95,T_6,0.02,0.98,1,459,4,1,true,false,0.55
S95,T_7,0.02,0.98,2,467,5,2,true,false,0.65
S95,T_8,0.02,0.7878699954228455,3,475,2,3,true,false,0.45
S95,T_9,0.98,0.46814103157800685,4,483,3,1,true,false,0.55
S95,T_10,0.98,0.98,5,491,4,2,true,true,0.65
S95,T_11,0.02,0.98,1,499,5,3,true,false,0.55
S96,T_0,0.98,0.98,1,415,2,1,true,true,0.55
S96,T_1,0.02,0.98,2,423,3,2,true,false,0.65
S96,T_2,0.5295671615779894,0.02,3,431,4,3,true,false,0.45
S96,T_3,0.02,0.98,4,439,5,1,true,false,0.55
S96,T_4,0.3989856970976755,0.02,5,447,2,2,true,false,0.65
S96,T_5,0.98,0.47496137564877255,1,455,3,3,true,true,0.55
S96,T_6,0.02,0.98,2,463,4,1,true,false,0.65
S96,T_7,0.98,0.98,3,471,5,2,true,false,0.45
S96,T_8,0.98,0.15183806600841676,4,479,2,3,true,false,0.55
S96,T_9,0.98,0.98,5,487,3,1,true,false,0.65
S96,T_10,0.5530071812719249,0.45808751589283586,1,495,4,2,true,true,0.55
S96,T_11,0.98,0.02,2,503,5,3,true,false,0.65
S97,T_0,0.98,0.98,2,419,2,1,true,true,0.65
S97,T_1,0.8261830730402894,0.492339193093741,3,427,3,2,true,false,0.45
S97,T_2,0.98,0.02,4,435,4,3,true,false,0.55
S97,T_3,0.6870995945239765,0.98,5,443,5,1,true,false,0.65
S97,T_4,0.02,0.02,1,451,2,2,true,false,0.55
S97,T_5,0.02,0.02,2,459,3,3,true,true,0.65
S97,T_6,0.7377594310643987,0.3305731975979342,3,467,4,1,true,false,0.45
S97,T_7,0.98,0.7469249422677944,4,475,5,2,true,false,0.55
S97,T_8,0.02,0.98,5,483,2,3,true,false,0.65
S97,T_9,0.9642818927219944,0.98,1,491,3,1,true,false,0.55
S97,T_10,0.5790326867179165,0.98,2,499,4,2,true,true,0.65
S97,T_11,0.98,0.02,3,507,5,3,true,false,0.45
S98,T_0,0.4546278709615583,0.98,3,423,2,1,true,true,0.45
S98,T_1,0.19458812296907924,0.700331031195617,4,431,3,2,true,false,0.55
S98,T_2,0.02,0.02,5,439,4,3,true,false,0.65
S98,T_3,0.98,0.4870076386675397,1,447,5,1,true,false,0.55
S98,T_4,0.98,0.98,2,455,2,2,true,false,0.65
S98,T_5,0.98,0.98,3,463,3,3,true,true,0.45
S98,T_6,0.98,0.7608664825943489,4,471,4,1,true,false,0.55
S98,T_7,0.98,0.7309479342006029,5,479,5,2,true,false,0.65
S98,T_8,0.98,0.16007433314754116,1,487,2,3,true,false,0.55
S98,T_9,0.98,0.9259759819910466,2,495,3,1,true,false,0.65
S98,T_10,0.98,0.98,3,503,4,2,true,true,0.45
S98,T_11,0.43959389594809667,0.98,4,511,5,3,true,false,0.55
S99,T_0,0.98,0.98,4,427,2,1,true,true,0.55
S99,T_1,0.6638683012773277,0.5743554044006866,5,435,3,2,true,false,0.65
S99,T_2,0.98,0.2708526444747364,1,443,4,3,true,false,0.55
S99,T_3,0.98,0.98,2,451,5,1,true,false,0.65
S99,T_4,0.7961481574374449,0.6965965356066499,3,459,2,2,true,false,0.45
S99,T_5,0.02,0.98,4,467,3,3,true,true,0.55
S99,T_6,0.07106471818186977,0.02,5,475,4,1,true,false,0.65
S99,T_7,0.98,0.14419002528730918,1,483,5,2,true,false,0.55
S99,T_8,0.02,0.98,2,491,2,3,true,false,0.65
S99,T_9,0.98,0.31545268211762095,3,499,3,1,true,false,0.45
S99,T_10,0.49883867969872603,0.98,4,507,4,2,true,true,0.55
S99,T_11,0.02,0.02,5,515,5,3,true,false,0.65
S100,T_0,0.98,0.3263498696207384,5,431,2,1,true,true,0.65
S100,T_1,0.98,0.5807458342570092,1,439,3,2,true,false,0.55
S100,T_2,0.98,0.02,2,447,4,3,true,false,0.65
S100,T_3,0.43211327041911574,0.02,3,455,5,1,true,false,0.45
S100,T_4,0.98,0.5917335429376885,4,463,2,2,true,false,0.55
S100,T_5,0.02,0.02,5,471,3,3,true,true,0.65
S100,T_6,0.4206942087242769,0.98,1,479,4,1,true,false,0.55
S100,T_7,0.98,0.02,2,487,5,2,true,false,0.65
S100,T_8,0.98,0.02,3,495,2,3,true,false,0.45
S100,T_9,0.98,0.4193143170607862,4,503,3,1,true,false,0.55
S100,T_10,0.98,0.8589873127826841,5,511,4,2,true,true,0.65
S100,T_11,0.02,0.02,1,519,5,3,true,false,0.55
