episode_id,uav_id,start_x,start_y,goal_x,goal_y
S1,0,0.05,0.86,0.8492697918321543,0.8243315300080846
S1,1,0.14,0.86,0.6217986031435364,0.74822645668108
S1,2,0.22999999999999998,0.86,0.8254495513996117,0.7941856387975901
S1,3,0.32,0.86,0.6978511451203337,0.6994987197230011
S1,4,0.05,0.76,0.8009804058464398,0.6614169384667377
S1,5,0.14,0.76,0.7633171958665504,0.6242462616044666
S1,6,0.22999999999999998,0.76,0.780685375039691,0.6536805428352527
S1,7,0.32,0.76,0.7869786152277319,0.8701935753064507
S2,0,0.05,0.86,0.6359764824027767,0.8049810472566514
S2,1,0.14,0.86,0.8334151078223399,0.8913517957821184
S2,2,0.22999999999999998,0.86,0.8140537236760137,0.7271308748504001
S2,3,0.32,0.86,0.6248858918646273,0.7304744821182906
S2,4,0.05,0.76,0.5558307969983448,0.7361739680542565
S2,5,0.14,0.76,0.87265940309248,0.9068031464068271
S2,6,0.22999999999999998,0.76,0.7070158392634893,0.8203998142410078
S2,7,0.32,0.76,0.7487496435269348,0.7787242611908722
S3,0,0.05,0.86,0.8931477825028038,0.64538877029785
S3,1,0.14,0.86,0.6783007773667292,0.8540707554649093
S3,2,0.22999999999999998,0.86,0.7245089183504894,0.6860487218739305
S3,3,0.32,0.86,0.8227842391123287,0.7326591862104406
S3,4,0.05,0.76,0.5934992419944657,0.7376928349132237
S3,5,0.14,0.76,0.7352500871332414,0.6591479614502846
S3,6,0.22999999999999998,0.76,0.7443119713631192,0.7387986569298929
S3,7,0.32,0.76,0.787783789925691,0.7178241822513609
S4,0,0.05,0.86,0.6921412016997922,0.6460411612041276
S4,1,0.14,0.86,0.6590175504048157,0.7935353900838832
S4,2,0.22999999999999998,0.86,0.98,0.7923490129643345
S4,3,0.32,0.86,0.8144564158871817,0.7987484201537866
S4,4,0.05,0.76,0.8940383153121545,0.8342531276286177
S4,5,0.14,0.76,0.77086194677021,0.98
S4,6,0.22999999999999998,0.76,0.7797161131059759,0.7177456486018893
S4,7,0.32,0.76,0.735472563005658,0.7268046457388103
S5,0,0.05,0.86,0.6892270359572962,0.8728346152916093
S5,1,0.14,0.86,0.8790884885577455,0.7296341956856986
S5,2,0.22999999999999998,0.86,0.8427621536421476,0.695013115067773
S5,3,0.32,0.86,0.9213213172018282,0.679500596900633
S5,4,0.05,0.76,0.7250440204633825,0.8495089299946281
S5,5,0.14,0.76,0.9304427251201912,0.6786464140020532
S5,6,0.22999999999999998,0.76,0.71502768132096,0.656172833478935
S5,7,0.32,0.76,0.6612551573802821,0.8211576972905079
S6,0,0.05,0.86,0.7952368256826144,0.5756899960434321
S6,1,0.14,0.86,0.95337372074557,0.6108570630977717
S6,2,0.22999999999999998,0.86,0.503561307175366,0.8829711785912825
S6,3,0.32,0.86,0.9462006769981791,0.8166826762668693
S6,4,0.05,0.76,0.5224930648258662,0.8050886775055399
S6,5,0.14,0.76,0.7151222007675034,0.7710790609404814
S6,6,0.22999999999999998,0.76,0.98,0.6288063066172596
S6,7,0.32,0.76,0.8782158773681389,0.7330919462557624
S7,0,0.05,0.86,0.98,0.7919493109047884
S7,1,0.14,0.86,0.4788635105967104,0.505270081352778
S7,2,0.22999999999999998,0.86,0.98,0.7811067266448091
S7,3,0.32,0.86,0.76362960403321,0.6866693547588294
S7,4,0.05,0.76,0.7652818083751852,0.6802826060944385
S7,5,0.14,0.76,0.9107687898578569,0.9517943075274838
S7,6,0.22999999999999998,0.76,0.8348466236030887,0.823033375490149
S7,7,0.32,0.76,0.8058633689975586,0.9149282378189337
S8,0,0.05,0.86,0.802637984993519,0.8482082036369789
S8,1,0.14,0.86,0.89123251298825,0.874407537409673
S8,2,0.22999999999999998,0.86,0.656263433635392,0.8545892917361099
S8,3,0.32,0.86,0.4321429139755644,0.5385307712537293
S8,4,0.05,0.76,0.9228897738441508,0.98
S8,5,0.14,0.76,0.7981495635485185,0.8552461330326435
S8,6,0.22999999999999998,0.76,0.7913858729862169,0.668579513283792
S8,7,0.32,0.76,0.5531837596535056,0.6611825907260964
S9,0,0.05,0.86,0.6886435753804119,0.9168545807260249
S9,1,0.14,0.86,0.98,0.5083636955607467
S9,2,0.22999999999999998,0.86,0.98,0.8841589697482866
S9,3,0.32,0.86,0.9269229890989739,0.7045394765765787
S9,4,0.05,0.76,0.8926335579778278,0.9628127334260732
S9,5,0.14,0.76,0.857252201069615,0.7991253031726278
S9,6,0.22999999999999998,0.76,0.7480872019923721,0.6746591448070457
S9,7,0.32,0.76,0.8671530248271446,0.5240139060115805
S10,0,0.05,0.86,0.7991194665292739,0.8577257596045008
S10,1,0.14,0.86,0.7459159680855468,0.7364724950143847
S10,2,0.22999999999999998,0.86,0.9615474110553848,0.6939941482519834
S10,3,0.32,0.86,0.6833859796193839,0.6871418644224696
S10,4,0.05,0.76,0.9135629617092125,0.8400649566089999
S10,5,0.14,0.76,0.98,0.8462858879710276
S10,6,0.22999999999999998,0.76,0.7144103564563536,0.8151107860333043
S10,7,0.32,0.76,0.4904795570330112,0.5616886070644304
S11,0,0.05,0.86,0.7281670154811598,0.5746298486922783
S11,1,0.14,0.86,0.9553075093077712,0.98
S11,2,0.22999999999999998,0.86,0.7735672283505475,0.8478273968872093
S11,3,0.32,0.86,0.7941891472463565,0.9190015546019932
S11,4,0.05,0.76,0.8608014866956548,0.9488287217665152
S11,5,0.14,0.76,0.6648970119064239,0.7971822383660833
S11,6,0.22999999999999998,0.76,0.832769488365129,0.7711096842604217
S11,7,0.32,0.76,0.9463935380875613,0.5770271095875618
S12,0,0.05,0.86,0.8217893254084101,0.7949940523359706
S12,1,0.14,0.86,0.98,0.30518426092400175
S12,2,0.22999999999999998,0.86,0.98,0.98
S12,3,0.32,0.86,0.8517270221434666,0.6080255262704337
S12,4,0.05,0.76,0.5891936105844477,0.975393664392684
S12,5,0.14,0.76,0.740483169727176,0.7316745800421186
S12,6,0.22999999999999998,0.76,0.786691923461721,0.6168047988176522
S12,7,0.32,0.76,0.9231970653004794,0.695296214814735
S13,0,0.05,0.86,0.4515282167456594,0.7356709684786583
S13,1,0.14,0.86,0.9058303699298325,0.7460312899846003
S13,2,0.22999999999999998,0.86,0.8052771147787631,0.4254482793732381
S13,3,0.32,0.86,0.40125978189663075,0.98
S13,4,0.05,0.76,0.733256550593567,0.98
S13,5,0.14,0.76,0.98,0.6864256160004493
S13,6,0.22999999999999998,0.76,0.6642544084535962,0.6843391908426144
S13,7,0.32,0.76,0.8929732922216177,0.5554404322791195
S14,0,0.05,0.86,0.98,0.8094447284375443
S14,1,0.14,0.86,0.7958139668353414,0.5750478257021958
S14,2,0.22999999999999998,0.86,0.7885672161320334,0.8190043047414719
S14,3,0.32,0.86,0.8797877504044637,0.98
S14,4,0.05,0.76,0.7963263105414505,0.5688849517057967
S14,5,0.14,0.76,0.6845871744980058,0.5544189084092817
S14,6,0.22999999999999998,0.76,0.98,0.833009001099415
S14,7,0.32,0.76,0.682235515141338,0.8834383500798313
S15,0,0.05,0.86,0.98,0.6581056048914857
S15,1,0.14,0.86,0.6465540589473394,0.48275405952445194
S15,2,0.22999999999999998,0.86,0.5958801620364734,0.38907235492357434
S15,3,0.32,0.86,0.7995797058191435,0.577542930067737
S15,4,0.05,0.76,0.950349341124824,0.9097708212250702
S15,5,0.14,0.76,0.6416511261220077,0.900956778435823
S15,6,0.22999999999999998,0.76,0.6437506867211701,0.756555026178595
S15,7,0.32,0.76,0.8587843207178485,0.3558218241574411
S16,0,0.05,0.86,0.6037044902493192,0.98
S16,1,0.14,0.86,0.6350808105426025,0.43638464282922085
S16,2,0.22999999999999998,0.86,0.6387947778843988,0.7857994066768756
S16,3,0.32,0.86,0.5740995205223908,0.8118987901833118
S16,4,0.05,0.76,0.8709658161062434,0.4759551455826122
S16,5,0.14,0.76,0.9059585448568923,0.7294485883280895
S16,6,0.22999999999999998,0.76,0.9103489781715774,0.5584732560912092
S16,7,0.32,0.76,0.8654601661772209,0.6833697712257119
S17,0,0.05,0.86,0.98,0.5574715864285784
S17,1,0.14,0.86,0.7304025038550915,0.428213849789009
S17,2,0.22999999999999998,0.86,0.5116597479536424,0.7446299435199156
S17,3,0.32,0.86,0.8088245190702938,0.49559098067346286
S17,4,0.05,0.76,0.7907594630643516,0.8435735287000408
S17,5,0.14,0.76,0.98,0.8290801897364704
S17,6,0.22999999999999998,0.76,0.5454038759562084,0.9502059145456696
S17,7,0.32,0.76,0.3719425108544876,0.8536891889275591
S18,0,0.05,0.86,0.9293803154681533,0.2921350493233325
S18,1,0.14,0.86,0.7382831290788092,0.6656185258894384
S18,2,0.22999999999999998,0.86,0.8295230898352314,0.9361409998407585
S18,3,0.32,0.86,0.9680895940142036,0.98
S18,4,0.05,0.76,0.5698317276989521,0.7907122201676465
S18,5,0.14,0.76,0.2540531809560793,0.7956349465668072
S18,6,0.22999999999999998,0.76,0.651950721801305,0.4237543681229562
S18,7,0.32,0.76,0.7653406727490563,0.98
S19,0,0.05,0.86,0.5581644364538053,0.5055670993773791
S19,1,0.14,0.86,0.7722447867660556,0.3589019346213794
S19,2,0.22999999999999998,0.86,0.98,0.6606312875199986
S19,3,0.32,0.86,0.5393845494892486,0.7201577369530655
S19,4,0.05,0.76,0.7891263993474822,0.98
S19,5,0.14,0.76,0.7440910776214354,0.8041107347848622
S19,6,0.22999999999999998,0.76,0.98,0.7609910487601798
S19,7,0.32,0.76,0.6544100794855726,0.3579551693350176
S20,0,0.05,0.86,0.9301762949767628,0.5778465711090518
S20,1,0.14,0.86,0.98,0.512105041933363
S20,2,0.22999999999999998,0.86,0.15327129808044315,0.98
S20,3,0.32,0.86,0.7405748780485952,0.5269934874977661
S20,4,0.05,0.76,0.98,0.7502613443192797
S20,5,0.14,0.76,0.9361407646620421,0.055538662606429035
S20,6,0.22999999999999998,0.76,0.98,0.49465210258163134
S20,7,0.32,0.76,0.98,0.47231599920999906
S21,0,0.05,0.86,0.98,0.6194633083317933
S21,1,0.14,0.86,0.4712209671883364,0.49188917428773754
S21,2,0.22999999999999998,0.86,0.7334584250832712,0.98
S21,3,0.32,0.86,0.9452151629138305,0.98
S21,4,0.05,0.76,0.98,0.7017790759374318
S21,5,0.14,0.76,0.98,0.98
S21,6,0.22999999999999998,0.76,0.5589355059587475,0.98
S21,7,0.32,0.76,0.7691824031705714,0.5980980342526809
S22,0,0.05,0.86,0.7134371055426536,0.8666840922293081
S22,1,0.14,0.86,0.8689351038644458,0.15532542105472724
S22,2,0.22999999999999998,0.86,0.98,0.98
S22,3,0.32,0.86,0.98,0.6991518350884162
S22,4,0.05,0.76,0.8125281045032193,0.98
S22,5,0.14,0.76,0.98,0.98
S22,6,0.22999999999999998,0.76,0.8759647074676087,0.7267699068868797
S22,7,0.32,0.76,0.7237979179689381,0.941548134965511
S23,0,0.05,0.86,0.880846778740092,0.61592231674374
S23,1,0.14,0.86,0.43823289277520644,0.7152859575029542
S23,2,0.22999999999999998,0.86,0.98,0.9323619750671559
S23,3,0.32,0.86,0.7056169973462106,0.8801801098097856
S23,4,0.05,0.76,0.5116994016614427,0.4546144759129267
S23,5,0.14,0.76,0.9078255221029845,0.98
S23,6,0.22999999999999998,0.76,0.6534641001964554,0.3824462918899042
S23,7,0.32,0.76,0.7912015638778144,0.6529326554859692
S24,0,0.05,0.86,0.98,0.4805886413268434
S24,1,0.14,0.86,0.98,0.98
S24,2,0.22999999999999998,0.86,0.6497647872585542,0.07568411111153206
S24,3,0.32,0.86,0.5239873098044394,0.6989566058952443
S24,4,0.05,0.76,0.23425971261920464,0.5217316134310203
S24,5,0.14,0.76,0.8268667796165136,0.6008056386611171
S24,6,0.22999999999999998,0.76,0.6391830111835645,0.5718081672184206
S24,7,0.32,0.76,0.98,0.4077230713874233
S25,0,0.05,0.86,0.5987965595824716,0.8403716882138633
S25,1,0.14,0.86,0.5642151706936736,0.9143853193024831
S25,2,0.22999999999999998,0.86,0.7837311850037455,0.8219101126948938
S25,3,0.32,0.86,0.98,0.759150322609906
S25,4,0.05,0.76,0.3717704842403395,0.7823818218735126
S25,5,0.14,0.76,0.7968733074376281,0.9062539721174769
S25,6,0.22999999999999998,0.76,0.98,0.98
S25,7,0.32,0.76,0.98,0.8727306870034458
S26,0,0.05,0.86,0.7905308626482048,0.7794334622294841
S26,1,0.14,0.86,0.98,0.47971374524322113
S26,2,0.22999999999999998,0.86,0.98,0.48059547623501814
S26,3,0.32,0.86,0.7915059145745015,0.5738048177654095
S26,4,0.05,0.76,0.98,0.7086177681608402
S26,5,0.14,0.76,0.3298768436830578,0.9638331663226867
S26,6,0.22999999999999998,0.76,0.02,0.7650950398248201
S26,7,0.32,0.76,0.5711051809764646,0.6218016843976475
S27,0,0.05,0.86,0.98,0.27670170732082383
S27,1,0.14,0.86,0.9378604769084761,0.98
S27,2,0.22999999999999998,0.86,0.6409267781353678,0.6426790995219769
S27,3,0.32,0.86,0.6492427091146437,0.8000208986340148
S27,4,0.05,0.76,0.98,0.6589877944184556
S27,5,0.14,0.76,0.98,0.5944640580011381
S27,6,0.22999999999999998,0.76,0.02,0.98
S27,7,0.32,0.76,0.6281625437375711,0.98
S28,0,0.05,0.86,0.31035540242331733,0.2134111319890788
S28,1,0.14,0.86,0.98,0.7298269513724939
S28,2,0.22999999999999998,0.86,0.5974063915585195,0.32670875163236873
S28,3,0.32,0.86,0.2593423117952588,0.773419008466387
S28,4,0.05,0.76,0.4340799741240307,0.6163100240573942
S28,5,0.14,0.76,0.6606453007913997,0.98
S28,6,0.22999999999999998,0.76,0.6714405319879897,0.4520108208225406
S28,7,0.32,0.76,0.8392603549124471,0.9781726991603208
S29,0,0.05,0.86,0.3268182216407238,0.936531019787004
S29,1,0.14,0.86,0.98,0.5785477007313511
S29,2,0.22999999999999998,0.86,0.98,0.6974288759723554
S29,3,0.32,0.86,0.98,0.3827159736069857
S29,4,0.05,0.76,0.6602453466645366,0.12726173118676998
S29,5,0.14,0.76,0.8067394150120917,0.98
S29,6,0.22999999999999998,0.76,0.5914774657641932,0.6368603630878142
S29,7,0.32,0.76,0.10852859181942676,0.02
S30,0,0.05,0.86,0.769000784343528,0.7523682909806196
S30,1,0.14,0.86,0.6609616175538431,0.8968668597787193
S30,2,0.22999999999999998,0.86,0.98,0.38324534579542113
S30,3,0.32,0.86,0.339356989219342,0.24813584798376964
S30,4,0.05,0.76,0.8776772297503527,0.98
S30,5,0.14,0.76,0.98,0.09228368772400808
S30,6,0.22999999999999998,0.76,0.98,0.2501213498299304
S30,7,0.32,0.76,0.98,0.24538505221867224
S31,0,0.05,0.86,0.98,0.98
S31,1,0.14,0.86,0.9201564589948005,0.98
S31,2,0.22999999999999998,0.86,0.98,0.7363213697940333
S31,3,0.32,0.86,0.98,0.98
S31,4,0.05,0.76,0.9586769908564384,0.98
S31,5,0.14,0.76,0.98,0.2545070239720031
S31,6,0.22999999999999998,0.76,0.98,0.9032415649505572
S31,7,0.32,0.76,0.98,0.21209525997280365
S32,0,0.05,0.86,0.9090317188253776,0.6247815480530785
S32,1,0.14,0.86,0.44111509851461567,0.5389259227110114
S32,2,0.22999999999999998,0.86,0.46179335817589456,0.7886808619002063
S32,3,0.32,0.86,0.4915546313627489,0.7980827469601436
S32,4,0.05,0.76,0.9588561620327902,0.26159087392534636
S32,5,0.14,0.76,0.7822887653780266,0.37846444420590064
S32,6,0.22999999999999998,0.76,0.6844035685817229,0.98
S32,7,0.32,0.76,0.2936467404667496,0.7881796326799545
S33,0,0.05,0.86,0.98,0.5552061580596784
S33,1,0.14,0.86,0.98,0.6804622019893412
S33,2,0.22999999999999998,0.86,0.98,0.8557314955929773
S33,3,0.32,0.86,0.9114173096535274,0.98
S33,4,0.05,0.76,0.39438777653408064,0.98
S33,5,0.14,0.76,0.4244408285297218,0.4994944320140134
S33,6,0.22999999999999998,0.76,0.7075207121979384,0.321568398609299
S33,7,0.32,0.76,0.5743304509038979,0.2607723452979103
S34,0,0.05,0.86,0.98,0.98
S34,1,0.14,0.86,0.98,0.98
S34,2,0.22999999999999998,0.86,0.98,0.19239077145904981
S34,3,0.32,0.86,0.31495850002109027,0.7992934076742868
S34,4,0.05,0.76,0.3545029084733935,0.48806577341727475
S34,5,0.14,0.76,0.37574864026544075,0.98
S34,6,0.22999999999999998,0.76,0.7371188570320951,0.619928993626023
S34,7,0.32,0.76,0.98,0.3476426388800561
S35,0,0.05,0.86,0.37337100180221194,0.48287956905452645
S35,1,0.14,0.86,0.8780977788588034,0.5219765000822253
S35,2,0.22999999999999998,0.86,0.98,0.19653543226197867
S35,3,0.32,0.86,0.98,0.3948243915127451
S35,4,0.05,0.76,0.968287669332502,0.98
S35,5,0.14,0.76,0.7288911692520545,0.7413591504794437
S35,6,0.22999999999999998,0.76,0.8898979186056071,0.4965955838617547
S35,7,0.32,0.76,0.98,0.98
S36,0,0.05,0.86,0.70892409206723,0.98
S36,1,0.14,0.86,0.16752733376216067,0.98
S36,2,0.22999999999999998,0.86,0.06446804184544463,0.16609319570160563
S36,3,0.32,0.86,0.8860115007219559,0.1223913418624335
S36,4,0.05,0.76,0.41893969068530584,0.4536655815043597
S36,5,0.14,0.76,0.723989532646578,0.98
S36,6,0.22999999999999998,0.76,0.7857032226363457,0.8291592706981238
S36,7,0.32,0.76,0.98,0.6063190602817399
S37,0,0.05,0.86,0.7443781416251799,0.7464671923640801
S37,1,0.14,0.86,0.98,0.925871942036665
S37,2,0.22999999999999998,0.86,0.98,0.6727548341666157
S37,3,0.32,0.86,0.98,0.4627078470499615
S37,4,0.05,0.76,0.98,0.9126396049571128
S37,5,0.14,0.76,0.6286209206565662,0.8831517633754452
S37,6,0.22999999999999998,0.76,0.632370432500344,0.98
S37,7,0.32,0.76,0.7789137963912977,0.38603519984262574
S38,0,0.05,0.86,0.6222126379768156,0.9654865637691704
S38,1,0.14,0.86,0.5287024641382214,0.8249392312579311
S38,2,0.22999999999999998,0.86,0.46159747142645,0.8415161012261054
S38,3,0.32,0.86,0.02,0.98
S38,4,0.05,0.76,0.934142077671337,0.939114596661731
S38,5,0.14,0.76,0.5308421731426949,0.6370617267041747
S38,6,0.22999999999999998,0.76,0.8538668462672777,0.98
S38,7,0.32,0.76,0.892400593553248,0.98
S39,0,0.05,0.86,0.98,0.6552442125874255
S39,1,0.14,0.86,0.8279471465303333,0.6039434460022131
S39,2,0.22999999999999998,0.86,0.98,0.98
S39,3,0.32,0.86,0.5687814255646381,0.98
S39,4,0.05,0.76,0.46538212616013347,0.98
S39,5,0.14,0.76,0.02,0.98
S39,6,0.22999999999999998,0.76,0.41510002558431547,0.98
S39,7,0.32,0.76,0.7564437975870918,0.98
S40,0,0.05,0.86,0.8413952777325674,0.98
S40,1,0.14,0.86,0.20845806024868996,0.9616833899593131
S40,2,0.22999999999999998,0.86,0.7288710336014091,0.98
S40,3,0.32,0.86,0.5855514479520398,0.98
S40,4,0.05,0.76,0.02,0.98
S40,5,0.14,0.76,0.98,0.8906319522914646
S40,6,0.22999999999999998,0.76,0.46545265456941826,0.6859243739285495
S40,7,0.32,0.76,0.7861453937392364,0.38593961501435436
S41,0,0.05,0.86,0.798789857956633,0.98
S41,1,0.14,0.86,0.02,0.15086998883388636
S41,2,0.22999999999999998,0.86,0.7978826294717948,0.98
S41,3,0.32,0.86,0.22591753384341284,0.98
S41,4,0.05,0.76,0.98,0.46825098356795425
S41,5,0.14,0.76,0.98,0.8627743070152607
S41,6,0.22999999999999998,0.76,0.98,0.07391394247362315
S41,7,0.32,0.76,0.11832157452523251,0.67068935784569
S42,0,0.05,0.86,0.27517832648930474,0.7074190247243851
S42,1,0.14,0.86,0.634096772056086,0.6966467100243198
S42,2,0.22999999999999998,0.86,0.98,0.98
S42,3,0.32,0.86,0.5531764882906154,0.98
S42,4,0.05,0.76,0.6762715812178284,0.98
S42,5,0.14,0.76,0.36978992301714286,0.98
S42,6,0.22999999999999998,0.76,0.7044061842842976,0.8668558246556962
S42,7,0.32,0.76,0.98,0.98
S43,0,0.05,0.86,0.40379042292145345,0.8503147031379948
S43,1,0.14,0.86,0.9705426404835225,0.98
S43,2,0.22999999999999998,0.86,0.378316625268798,0.5752568404655394
S43,3,0.32,0.86,0.22649027700717117,0.1837555864574808
S43,4,0.05,0.76,0.98,0.98
S43,5,0.14,0.76,0.41345715609634465,0.952762447509198
S43,6,0.22999999999999998,0.76,0.3738714974562252,0.98
S43,7,0.32,0.76,0.98,0.98
S44,0,0.05,0.86,0.1213371782951922,0.02
S44,1,0.14,0.86,0.98,0.98
S44,2,0.22999999999999998,0.86,0.98,0.98
S44,3,0.32,0.86,0.9506112137511911,0.9201624599400618
S44,4,0.05,0.76,0.98,0.5072273299478023
S44,5,0.14,0.76,0.8890752946740712,0.98
S44,6,0.22999999999999998,0.76,0.7981835659548031,0.14166287045932502
S44,7,0.32,0.76,0.98,0.36129589673531676
S45,0,0.05,0.86,0.02,0.3296777931791679
S45,1,0.14,0.86,0.2605067872873694,0.98
S45,2,0.22999999999999998,0.86,0.965047548166161,0.9078493330281422
S45,3,0.32,0.86,0.4365935185150701,0.98
S45,4,0.05,0.76,0.23983449961608316,0.02
S45,5,0.14,0.76,0.98,0.98
S45,6,0.22999999999999998,0.76,0.7884555785790412,0.98
S45,7,0.32,0.76,0.98,0.2751377045993059
S46,0,0.05,0.86,0.5345982713757813,0.98
S46,1,0.14,0.86,0.6471897016023256,0.98
S46,2,0.22999999999999998,0.86,0.98,0.9456309839600081
S46,3,0.32,0.86,0.98,0.1939676996470926
S46,4,0.05,0.76,0.3723825137213079,0.91100508846958
S46,5,0.14,0.76,0.98,0.429602216746473
S46,6,0.22999999999999998,0.76,0.42081240996612357,0.08886315010341772
S46,7,0.32,0.76,0.5772824169001967,0.98
S47,0,0.05,0.86,0.7295830986140712,0.4627407124021795
S47,1,0.14,0.86,0.98,0.7494413088027907
S47,2,0.22999999999999998,0.86,0.02,0.98
S47,3,0.32,0.86,0.40140004018781883,0.0546243864900019
S47,4,0.05,0.76,0.5934027578968893,0.98
S47,5,0.14,0.76,0.36650687526259257,0.4025030733989498
S47,6,0.22999999999999998,0.76,0.98,0.02
S47,7,0.32,0.76,0.49056224982295216,0.5118167194241741
S48,0,0.05,0.86,0.98,0.05547597590040532
S48,1,0.14,0.86,0.98,0.98
S48,2,0.22999999999999998,0.86,0.9561156982674466,0.7626056585392353
S48,3,0.32,0.86,0.9739973662298814,0.98
S48,4,0.05,0.76,0.7269579976911618,0.8995531967890704
S48,5,0.14,0.76,0.44389725170971006,0.02
S48,6,0.22999999999999998,0.76,0.02,0.8966865136257005
S48,7,0.32,0.76,0.37834421986812256,0.98
S49,0,0.05,0.86,0.08718561420386806,0.98
S49,1,0.14,0.86,0.02,0.5933519175789543
S49,2,0.22999999999999998,0.86,0.5485903326635282,0.98
S49,3,0.32,0.86,0.5437751598531866,0.38204468225687505
S49,4,0.05,0.76,0.98,0.9554802167176816
S49,5,0.14,0.76,0.4763697856256325,0.24014139831320314
S49,6,0.22999999999999998,0.76,0.9459800480201865,0.38946979147617367
S49,7,0.32,0.76,0.98,0.3801433331869541
S50,0,0.05,0.86,0.98,0.6404879329714892
S50,1,0.14,0.86,0.8928208278183368,0.98
S50,2,0.22999999999999998,0.86,0.5964822312843673,0.21999796107284708
S50,3,0.32,0.86,0.6625627690581009,0.8004837477284388
S50,4,0.05,0.76,0.5464411424134116,0.9493440711437302
S50,5,0.14,0.76,0.7511765266944864,0.02
S50,6,0.22999999999999998,0.76,0.3422848086886284,0.8679718007214479
S50,7,0.32,0.76,0.98,0.98
S51,0,0.05,0.86,0.42947125517893325,0.02
S51,1,0.14,0.86,0.27679597756235463,0.98
S51,2,0.22999999999999998,0.86,0.04632931645443361,0.02
S51,3,0.32,0.86,0.09720976553541039,0.9487411088854247
S51,4,0.05,0.76,0.02,0.916907368475999
S51,5,0.14,0.76,0.20114524537601497,0.98
S51,6,0.22999999999999998,0.76,0.9789834145272666,0.5052141430923651
S51,7,0.32,0.76,0.02,0.3130134727997677
S52,0,0.05,0.86,0.4436469682166778,0.3153523476797328
S52,1,0.14,0.86,0.98,0.98
S52,2,0.22999999999999998,0.86,0.33196824127748426,0.6930713014281762
S52,3,0.32,0.86,0.98,0.8756003621409166
S52,4,0.05,0.76,0.02,0.98
S52,5,0.14,0.76,0.36563593113585746,0.98
S52,6,0.22999999999999998,0.76,0.4597856678005042,0.98
S52,7,0.32,0.76,0.8364314459769766,0.98
S53,0,0.05,0.86,0.8339721238959673,0.98
S53,1,0.14,0.86,0.35541705808939345,0.7388038933371921
S53,2,0.22999999999999998,0.86,0.98,0.8068641355574443
S53,3,0.32,0.86,0.9158476367296089,0.42570718024420295
S53,4,0.05,0.76,0.6106241403929823,0.5569384306016198
S53,5,0.14,0.76,0.02,0.6866424104848559
S53,6,0.22999999999999998,0.76,0.8240652050220112,0.02
S53,7,0.32,0.76,0.5991023788621528,0.580037641714492
S54,0,0.05,0.86,0.98,0.98
S54,1,0.14,0.86,0.28641255488573003,0.34725070152686194
S54,2,0.22999999999999998,0.86,0.02,0.98
S54,3,0.32,0.86,0.19878180330403183,0.98
S54,4,0.05,0.76,0.98,0.4945998232391393
S54,5,0.14,0.76,0.02,0.98
S54,6,0.22999999999999998,0.76,0.98,0.8881820337797349
S54,7,0.32,0.76,0.98,0.98
S55,0,0.05,0.86,0.8786019867898063,0.5123169523360923
S55,1,0.14,0.86,0.98,0.4226210053211562
S55,2,0.22999999999999998,0.86,0.02,0.98
S55,3,0.32,0.86,0.3710322796164242,0.98
S55,4,0.05,0.76,0.98,0.263463629631033
S55,5,0.14,0.76,0.13945067972485803,0.98
S55,6,0.22999999999999998,0.76,0.8430721368123825,0.98
S55,7,0.32,0.76,0.8584398638114439,0.6839042431719523
S56,0,0.05,0.86,0.98,0.02
S56,1,0.14,0.86,0.98,0.8144703067329588
S56,2,0.22999999999999998,0.86,0.98,0.7911360693548061
S56,3,0.32,0.86,0.5608011531613102,0.98
S56,4,0.05,0.76,0.44123779714020495,0.2435371978264309
S56,5,0.14,0.76,0.98,0.98
S56,6,0.22999999999999998,0.76,0.7395063570329181,0.98
S56,7,0.32,0.76,0.7683544728912272,0.7955190530049805
S57,0,0.05,0.86,0.98,0.33826034678565825
S57,1,0.14,0.86,0.10187124205441389,0.856334445170039
S57,2,0.22999999999999998,0.86,0.98,0.7061464496549327
S57,3,0.32,0.86,0.6071733467346956,0.98
S57,4,0.05,0.76,0.7024502623815055,0.41541430529574214
S57,5,0.14,0.76,0.98,0.7260930410417075
S57,6,0.22999999999999998,0.76,0.98,0.98
S57,7,0.32,0.76,0.98,0.02
S58,0,0.05,0.86,0.10294138170785305,0.047776918588804396
S58,1,0.14,0.86,0.98,0.98
S58,2,0.22999999999999998,0.86,0.9355556264742494,0.98
S58,3,0.32,0.86,0.98,0.98
S58,4,0.05,0.76,0.02,0.98
S58,5,0.14,0.76,0.43275105249137796,0.98
S58,6,0.22999999999999998,0.76,0.256864933243111,0.98
S58,7,0.32,0.76,0.5147067588306488,0.98
S59,0,0.05,0.86,0.4697169903658821,0.98
S59,1,0.14,0.86,0.9743073338692543,0.06677864123898192
S59,2,0.22999999999999998,0.86,0.8014596780836902,0.184726062569037
S59,3,0.32,0.86,0.98,0.6831248092658379
S59,4,0.05,0.76,0.98,0.3700062543833061
S59,5,0.14,0.76,0.8648975305297854,0.5663352444077041
S59,6,0.22999999999999998,0.76,0.98,0.98
S59,7,0.32,0.76,0.98,0.5210131784271108
S60,0,0.05,0.86,0.98,0.5044973109827535
S60,1,0.14,0.86,0.98,0.6273073904480347
S60,2,0.22999999999999998,0.86,0.26572930812764384,0.2975484923942074
S60,3,0.32,0.86,0.3785664650649399,0.98
S60,4,0.05,0.76,0.98,0.98
S60,5,0.14,0.76,0.98,0.02
S60,6,0.22999999999999998,0.76,0.9361509469923042,0.98
S60,7,0.32,0.76,0.02,0.98
S61,0,0.05,0.86,0.98,0.967584690519265
S61,1,0.14,0.86,0.98,0.8383204882169324
S61,2,0.22999999999999998,0.86,0.02,0.98
S61,3,0.32,0.86,0.98,0.02
S61,4,0.05,0.76,0.3694169596792936,0.98
S61,5,0.14,0.76,0.7369794899924647,0.98
S61,6,0.22999999999999998,0.76,0.5831229420521262,0.7306654442341198
S61,7,0.32,0.76,0.8044697632916092,0.98
S62,0,0.05,0.86,0.7881777161464872,0.8151570660521126
S62,1,0.14,0.86,0.02,0.6063551565454698
S62,2,0.22999999999999998,0.86,0.97128890206352,0.5661480796255532
S62,3,0.32,0.86,0.98,0.23220690183135195
S62,4,0.05,0.76,0.98,0.4893675057072345
S62,5,0.14,0.76,0.8740178509588158,0.98
S62,6,0.22999999999999998,0.76,0.5723809084450914,0.98
S62,7,0.32,0.76,0.710569021255635,0.02
S63,0,0.05,0.86,0.02,0.02
S63,1,0.14,0.86,0.31317020304327436,0.98
S63,2,0.22999999999999998,0.86,0.5809145344956456,0.98
S63,3,0.32,0.86,0.5635869001079152,0.5604299847320342
S63,4,0.05,0.76,0.8884842000153038,0.9461445244520822
S63,5,0.14,0.76,0.02,0.5690619949945567
S63,6,0.22999999999999998,0.76,0.98,0.4131849425375342
S63,7,0.32,0.76,0.98,0.98
S64,0,0.05,0.86,0.98,0.02
S64,1,0.14,0.86,0.956809124103044,0.5112316824976144
S64,2,0.22999999999999998,0.86,0.35084829045814014,0.9404621320487824
S64,3,0.32,0.86,0.1827713527096857,0.6523337522570924
S64,4,0.05,0.76,0.30735009431663385,0.756893836479496
S64,5,0.14,0.76,0.98,0.98
S64,6,0.22999999999999998,0.76,0.98,0.98
S64,7,0.32,0.76,0.98,0.98
S65,0,0.05,0.86,0.34349721635604513,0.31101608023646327
S65,1,0.14,0.86,0.98,0.02
S65,2,0.22999999999999998,0.86,0.19194781314831466,0.02
S65,3,0.32,0.86,0.98,0.02
S65,4,0.05,0.76,0.02,0.32615642509998655
S65,5,0.14,0.76,0.98,0.02
S65,6,0.22999999999999998,0.76,0.02,0.98
S65,7,0.32,0.76,0.98,0.02
S66,0,0.05,0.86,0.6122805053308422,0.7463109700946611
S66,1,0.14,0.86,0.2337217885843249,0.02
S66,2,0.22999999999999998,0.86,0.2559481597856743,0.98
S66,3,0.32,0.86,0.02,0.02
S66,4,0.05,0.76,0.7128707709540167,0.9436610440654931
S66,5,0.14,0.76,0.7684556217209766,0.98
S66,6,0.22999999999999998,0.76,0.98,0.02
S66,7,0.32,0.76,0.98,0.98
S67,0,0.05,0.86,0.98,0.98
S67,1,0.14,0.86,0.5636284869616093,0.98
S67,2,0.22999999999999998,0.86,0.02,0.02898885473813828
S67,3,0.32,0.86,0.4026808356796703,0.98
S67,4,0.05,0.76,0.98,0.4189140327577261
S67,5,0.14,0.76,0.4868185096015769,0.98
S67,6,0.22999999999999998,0.76,0.46403891163387656,0.1440368951580444
S67,7,0.32,0.76,0.98,0.811928028128172
S68,0,0.05,0.86,0.8760024795632337,0.28224793093000555
S68,1,0.14,0.86,0.02,0.98
S68,2,0.22999999999999998,0.86,0.98,0.8889380276241439
S68,3,0.32,0.86,0.02,0.02
S68,4,0.05,0.76,0.98,0.98
S68,5,0.14,0.76,0.794590600814572,0.98
S68,6,0.22999999999999998,0.76,0.98,0.8931630972522341
S68,7,0.32,0.76,0.98,0.958507268531844
S69,0,0.05,0.86,0.8421509165089739,0.98
S69,1,0.14,0.86,0.98,0.05486043236769622
S69,2,0.22999999999999998,0.86,0.98,0.7170892554552994
S69,3,0.32,0.86,0.02,0.30092609811022614
S69,4,0.05,0.76,0.98,0.98
S69,5,0.14,0.76,0.98,0.98
S69,6,0.22999999999999998,0.76,0.98,0.98
S69,7,0.32,0.76,0.2879512962087968,0.9233721148643056
S70,0,0.05,0.86,0.98,0.98
S70,1,0.14,0.86,0.02,0.2731922476020217
S70,2,0.22999999999999998,0.86,0.98,0.98
S70,3,0.32,0.86,0.98,0.98
S70,4,0.05,0.76,0.6916169442861044,0.8895385314495595
S70,5,0.14,0.76,0.8057852911671265,0.7535286618672884
S70,6,0.22999999999999998,0.76,0.02,0.02
S70,7,0.32,0.76,0.98,0.716880222623318
S71,0,0.05,0.86,0.98,0.98
S71,1,0.14,0.86,0.7400312619337435,0.98
S71,2,0.22999999999999998,0.86,0.02,0.98
S71,3,0.32,0.86,0.98,0.5086508073979614
S71,4,0.05,0.76,0.8812626291060813,0.98
S71,5,0.14,0.76,0.03504003797938404,0.98
S71,6,0.22999999999999998,0.76,0.02,0.398912779106932
S71,7,0.32,0.76,0.8922538686162916,0.98
S72,0,0.05,0.86,0.98,0.6870723118125386
S72,1,0.14,0.86,0.02,0.98
S72,2,0.22999999999999998,0.86,0.19625355011859846,0.02
S72,3,0.32,0.86,0.05424910450471321,0.8440749448274321
S72,4,0.05,0.76,0.02,0.18335459828405087
S72,5,0.14,0.76,0.6964006099036102,0.49349410162681717
S72,6,0.22999999999999998,0.76,0.6446241337127938,0.8251897258632402
S72,7,0.32,0.76,0.02,0.02
S73,0,0.05,0.86,0.2619046563448322,0.98
S73,1,0.14,0.86,0.3008443331951013,0.14232831930405376
S73,2,0.22999999999999998,0.86,0.13236159249799018,0.98
S73,3,0.32,0.86,0.02,0.98
S73,4,0.05,0.76,0.98,0.34488908575374716
S73,5,0.14,0.76,0.98,0.02
S73,6,0.22999999999999998,0.76,0.98,0.24103010253536417
S73,7,0.32,0.76,0.98,0.39799807264930226
S74,0,0.05,0.86,0.98,0.98
S74,1,0.14,0.86,0.8143574231650335,0.9278057693736085
S74,2,0.22999999999999998,0.86,0.3824033000973078,0.7014830114830887
S74,3,0.32,0.86,0.3904875581743126,0.98
S74,4,0.05,0.76,0.98,0.6699735523822334
S74,5,0.14,0.76,0.98,0.02
S74,6,0.22999999999999998,0.76,0.02,0.8982877126010638
S74,7,0.32,0.76,0.02,0.98
S75,0,0.05,0.86,0.98,0.48779023035870267
S75,1,0.14,0.86,0.036016219339818245,0.98
S75,2,0.22999999999999998,0.86,0.98,0.43591661162746803
S75,3,0.32,0.86,0.8758920023180552,0.02
S75,4,0.05,0.76,0.98,0.3182293797384245
S75,5,0.14,0.76,0.3665581527493084,0.98
S75,6,0.22999999999999998,0.76,0.98,0.8457216127803892
S75,7,0.32,0.76,0.98,0.98
S76,0,0.05,0.86,0.8234739354962265,0.02
S76,1,0.14,0.86,0.7169413386789689,0.98
S76,2,0.22999999999999998,0.86,0.98,0.98
S76,3,0.32,0.86,0.98,0.98
S76,4,0.05,0.76,0.02,0.4557694423793782
S76,5,0.14,0.76,0.98,0.7643657910914758
S76,6,0.22999999999999998,0.76,0.98,0.438689224328199
S76,7,0.32,0.76,0.98,0.12950189311535965
S77,0,0.05,0.86,0.6083454490596618,0.02
S77,1,0.14,0.86,0.9019121598520966,0.98
S77,2,0.22999999999999998,0.86,0.02,0.98
S77,3,0.32,0.86,0.02,0.02
S77,4,0.05,0.76,0.98,0.23209073880195286
S77,5,0.14,0.76,0.98,0.98
S77,6,0.22999999999999998,0.76,0.7611416885096952,0.98
S77,7,0.32,0.76,0.98,0.98
S78,0,0.05,0.86,0.98,0.06586856742152658
S78,1,0.14,0.86,0.98,0.9299037957621464
S78,2,0.22999999999999998,0.86,0.98,0.98
S78,3,0.32,0.86,0.6365440818348284,0.98
S78,4,0.05,0.76,0.98,0.5837908028346271
S78,5,0.14,0.76,0.98,0.6439471796589821
S78,6,0.22999999999999998,0.76,0.02,0.6744165794422823
S78,7,0.32,0.76,0.2911165523435553,0.5297372900472952
S79,0,0.05,0.86,0.02,0.98
S79,1,0.14,0.86,0.98,0.8643231591832174
S79,2,0.22999999999999998,0.86,0.8855337786291226,0.02
S79,3,0.32,0.86,0.98,0.4683059435668226
S79,4,0.05,0.76,0.98,0.8324819652130697
S79,5,0.14,0.76,0.8873931180323341,0.22944352908984078
S79,6,0.22999999999999998,0.76,0.7057874951352574,0.10970437185394566
S79,7,0.32,0.76,0.98,0.98
S80,0,0.05,0.86,0.98,0.6504972344259653
S80,1,0.14,0.86,0.9363252028331401,0.2711239629556593
S80,2,0.22999999999999998,0.86,0.0940456398729217,0.33395456867905554
S80,3,0.32,0.86,0.98,0.28030088758112737
S80,4,0.05,0.76,0.02,0.02
S80,5,0.14,0.76,0.630872035196498,0.98
S80,6,0.22999999999999998,0.76,0.98,0.32822802231631854
S80,7,0.32,0.76,0.98,0.98
S81,0,0.05,0.86,0.02,0.02
S81,1,0.14,0.86,0.98,0.98
S81,2,0.22999999999999998,0.86,0.6330259217939642,0.4223702909221625
S81,3,0.32,0.86,0.25210026903464944,0.02
S81,4,0.05,0.76,0.98,0.7378032387438556
S81,5,0.14,0.76,0.98,0.98
S81,6,0.22999999999999998,0.76,0.98,0.02
S81,7,0.32,0.76,0.98,0.02
S82,0,0.05,0.86,0.02,0.9151657724816314
S82,1,0.14,0.86,0.98,0.98
S82,2,0.22999999999999998,0.86,0.98,0.98
S82,3,0.32,0.86,0.98,0.98
S82,4,0.05,0.76,0.1989271570911909,0.98
S82,5,0.14,0.76,0.98,0.04740119384177044
S82,6,0.22999999999999998,0.76,0.37944228264253405,0.02
S82,7,0.32,0.76,0.02,0.4730284162926656
S83,0,0.05,0.86,0.02,0.98
S83,1,0.14,0.86,0.98,0.02
S83,2,0.22999999999999998,0.86,0.4641849091014621,0.98
S83,3,0.32,0.86,0.545017863613965,0.98
S83,4,0.05,0.76,0.8259719966003378,0.1028630451787288
S83,5,0.14,0.76,0.98,0.9792716336812906
S83,6,0.22999999999999998,0.76,0.02,0.98
S83,7,0.32,0.76,0.913774422004448,0.02
S84,0,0.05,0.86,0.9768947312256661,0.98
S84,1,0.14,0.86,0.6825800149478614,0.02
S84,2,0.22999999999999998,0.86,0.02,0.98
S84,3,0.32,0.86,0.98,0.98
S84,4,0.05,0.76,0.5103876695806394,0.02
S84,5,0.14,0.76,0.98,0.98
S84,6,0.22999999999999998,0.76,0.41364382561840946,0.15490134848457604
S84,7,0.32,0.76,0.4686260216291405,0.5382911919464185
S85,0,0.05,0.86,0.5734630173501363,0.23690793963210055
S85,1,0.14,0.86,0.21991334505830962,0.98
S85,2,0.22999999999999998,0.86,0.02,0.02
S85,3,0.32,0.86,0.6613158264555083,0.6157931434561223
S85,4,0.05,0.76,0.98,0.02
S85,5,0.14,0.76,0.98,0.98
S85,6,0.22999999999999998,0.76,0.917274533918857,0.98
S85,7,0.32,0.76,0.19076486736445097,0.98
S86,0,0.05,0.86,0.24595774199385945,0.98
S86,1,0.14,0.86,0.98,0.98
S86,2,0.22999999999999998,0.86,0.378306927322984,0.98
S86,3,0.32,0.86,0.07235445249283634,0.98
S86,4,0.05,0.76,0.98,0.98
S86,5,0.14,0.76,0.98,0.10546027493512866
S86,6,0.22999999999999998,0.76,0.12743915224374291,0.7660381483194407
S86,7,0.32,0.76,0.02,0.98
S87,0,0.05,0.86,0.02,0.527288982884763
S87,1,0.14,0.86,0.98,0.98
S87,2,0.22999999999999998,0.86,0.5339960905931277,0.98
S87,3,0.32,0.86,0.98,0.9449836584717742
S87,4,0.05,0.76,0.98,0.599458480701875
S87,5,0.14,0.76,0.98,0.98
S87,6,0.22999999999999998,0.76,0.98,0.02
S87,7,0.32,0.76,0.26281285000581955,0.5345374628116304
S88,0,0.05,0.86,0.98,0.98
S88,1,0.14,0.86,0.98,0.98
S88,2,0.22999999999999998,0.86,0.02,0.8220067468318399
S88,3,0.32,0.86,0.02,0.02
S88,4,0.05,0.76,0.844915368217574,0.5904257836956087
S88,5,0.14,0.76,0.2937140662749259,0.02
S88,6,0.22999999999999998,0.76,0.02,0.98
S88,7,0.32,0.76,0.02,0.16608700134528098
S89,0,0.05,0.86,0.9519702983318652,0.98
S89,1,0.14,0.86,0.5543866691817502,0.98
S89,2,0.22999999999999998,0.86,0.6242599333407902,0.98
S89,3,0.32,0.86,0.98,0.98
S89,4,0.05,0.76,0.657202446443857,0.02
S89,5,0.14,0.76,0.6046075632497083,0.1957942007153337
S89,6,0.22999999999999998,0.76,0.98,0.025090279354954115
S89,7,0.32,0.76,0.6606173121748776,0.98
S90,0,0.05,0.86,0.98,0.98
S90,1,0.14,0.86,0.98,0.8733534246729606
S90,2,0.22999999999999998,0.86,0.98,0.7366047129521651
S90,3,0.32,0.86,0.4100324276858921,0.02
S90,4,0.05,0.76,0.98,0.98
S90,5,0.14,0.76,0.98,0.98
S90,6,0.22999999999999998,0.76,0.98,0.0841193976403457
S90,7,0.32,0.76,0.02,0.5254219049660018
S91,0,0.05,0.86,0.02,0.02
S91,1,0.14,0.86,0.02,0.98
S91,2,0.22999999999999998,0.86,0.02,0.35702084777673876
S91,3,0.32,0.86,0.02,0.47827175751121503
S91,4,0.05,0.76,0.98,0.5659005642239022
S91,5,0.14,0.76,0.98,0.98
S91,6,0.22999999999999998,0.76,0.02,0.98
S91,7,0.32,0.76,0.04340129821931038,0.02
S92,0,0.05,0.86,0.02,0.7656007486101489
S92,1,0.14,0.86,0.3901098595580807,0.98
S92,2,0.22999999999999998,0.86,0.98,0.3723723009560961
S92,3,0.32,0.86,0.02,0.98
S92,4,0.05,0.76,0.02,0.7887243582982326
S92,5,0.14,0.76,0.39605925378092754,0.02
S92,6,0.22999999999999998,0.76,0.8161740446763937,0.33073569120360463
S92,7,0.32,0.76,0.98,0.4969971200572443
S93,0,0.05,0.86,0.4989624500709948,0.98
S93,1,0.14,0.86,0.7590704145033998,0.02
S93,2,0.22999999999999998,0.86,0.02,0.1321150577450808
S93,3,0.32,0.86,0.98,0.98
S93,4,0.05,0.76,0.4992542746043919,0.6359741241787636
S93,5,0.14,0.76,0.02,0.98
S93,6,0.22999999999999998,0.76,0.98,0.163064515603212
S93,7,0.32,0.76,0.98,0.02
S94,0,0.05,0.86,0.9614929260274083,0.828376608952357
S94,1,0.14,0.86,0.02,0.02
S94,2,0.22999999999999998,0.86,0.98,0.98
S94,3,0.32,0.86,0.98,0.685244008549822
S94,4,0.05,0.76,0.98,0.18318799693869803
S94,5,0.14,0.76,0.12158556202260618,0.98
S94,6,0.22999999999999998,0.76,0.6752568955915619,0.98
S94,7,0.32,0.76,0.02,0.27936483788566185
S95,0,0.05,0.86,0.02,0.6459689707475755
S95,1,0.14,0.86,0.2613222552172221,0.02
S95,2,0.22999999999999998,0.86,0.02,0.98
S95,3,0.32,0.86,0.98,0.6533149294066004
S95,4,0.05,0.76,0.98,0.9057463455232883
S95,5,0.14,0.76,0.98,0.02
S95,6,0.22999999999999998,0.76,0.02,0.98
S95,7,0.32,0.76,0.02,0.98
S96,0,0.05,0.86,0.98,0.98
S96,1,0.14,0.86,0.02,0.98
S96,2,0.22999999999999998,0.86,0.5295671615779894,0.02
S96,3,0.32,0.86,0.02,0.98
S96,4,0.05,0.76,0.3989856970976755,0.02
S96,5,0.14,0.76,0.98,0.47496137564877255
S96,6,0.22999999999999998,0.76,0.02,0.98
S96,7,0.32,0.76,0.98,0.98
S97,0,0.05,0.86,0.98,0.98
S97,1,0.14,0.86,0.8261830730402894,0.492339193093741
S97,2,0.22999999999999998,0.86,0.98,0.02
S97,3,0.32,0.86,0.6870995945239765,0.98
S97,4,0.05,0.76,0.02,0.02
S97,5,0.14,0.76,0.02,0.02
S97,6,0.22999999999999998,0.76,0.7377594310643987,0.3305731975979342
S97,7,0.32,0.76,0.98,0.7469249422677944
S98,0,0.05,0.86,0.4546278709615583,0.98
S98,1,0.14,0.86,0.19458812296907924,0.700331031195617
S98,2,0.22999999999999998,0.86,0.02,0.02
S98,3,0.32,0.86,0.98,0.4870076386675397
S98,4,0.05,0.76,0.98,0.98
S98,5,0.14,0.76,0.98,0.98
S98,6,0.22999999999999998,0.76,0.98,0.7608664825943489
S98,7,0.32,0.76,0.98,0.7309479342006029
S99,0,0.05,0.86,0.98,0.98
S99,1,0.14,0.86,0.6638683012773277,0.5743554044006866
S99,2,0.22999999999999998,0.86,0.98,0.2708526444747364
S99,3,0.32,0.86,0.98,0.98
S99,4,0.05,0.76,0.7961481574374449,0.6965965356066499
S99,5,0.14,0.76,0.02,0.98
S99,6,0.22999999999999998,0.76,0.07106471818186977,0.02
S99,7,0.32,0.76,0.98,0.14419002528730918
S100,0,0.05,0.86,0.98,0.3263498696207384
S100,1,0.14,0.86,0.98,0.5807458342570092
S100,2,0.22999999999999998,0.86,0.98,0.02
S100,3,0.32,0.86,0.43211327041911574,0.02
S100,4,0.05,0.76,0.98,0.5917335429376885
S100,5,0.14,0.76,0.02,0.02
S100,6,0.22999999999999998,0.76,0.4206942087242769,0.98
S100,7,0.32,0.76,0.98,0.02
