training_episode,benchmark_episode_id,method,actor_critic_loss,policy_loss,value_loss,entropy,candidate_reward_mean,selected_reward_mean,task_completion_proxy,remaining_task_ratio,device
1,S11,paper1_deep_hgrl_ugv_assisted,2.252932548522949,1.6210756301879883,1.4335778430104256,1.3253185600042343,1.2661944776773453,1.3627476543188095,1.0,0.0,cuda
100,S53,paper1_deep_hgrl_ugv_assisted,0.11782549321651459,0.10111550090368837,0.049108510807855055,0.5388843361288309,1.2645622044801712,1.4952972382307053,1.0,0.0,cuda
200,S69,paper1_deep_hgrl_ugv_assisted,0.02491852268576622,0.022243599548801285,0.010684581866371445,0.21331384248333052,1.2042302787303925,1.3498581796884537,1.0,0.0,cuda
300,S51,paper1_deep_hgrl_ugv_assisted,0.05437169224023819,0.03232331213268935,0.0536155978043098,0.20786409184438526,1.3093283921480179,1.6223378330469131,1.0,0.0,cuda
400,S66,paper1_deep_hgrl_ugv_assisted,0.07123822718858719,0.06520044338481057,0.01868991408569798,0.23726761579018785,1.153009094297886,1.4033393189311028,1.0,0.0,cuda
500,S46,paper1_deep_hgrl_ugv_assisted,0.02277090772986412,0.01716311588572239,0.01680942252278328,0.19564489043659705,1.1910727620124817,1.419647216796875,1.0,0.0,cuda
600,S10,paper1_deep_hgrl_ugv_assisted,0.0571184977889061,0.05238830085727386,0.019951657042838633,0.42480496503412724,1.3112767934799194,1.409946009516716,1.0,0.0,cuda
700,S21,paper1_deep_hgrl_ugv_assisted,0.09555219113826752,0.09240549058267788,0.01604417880116671,0.4073180471023079,1.212193176150322,1.3532671183347702,1.0,0.0,cuda
800,S31,paper1_deep_hgrl_ugv_assisted,0.05347031354904175,0.03493683919077739,0.04776184600086708,0.29593571135774255,1.056707613170147,1.1732424050569534,1.0,0.0,cuda
900,S9,paper1_deep_hgrl_ugv_assisted,0.03150731325149536,0.030221309662010754,0.007976249253260903,0.23033075407147408,1.2044913321733475,1.3492239117622375,1.0,0.0,cuda
1000,S43,paper1_deep_hgrl_ugv_assisted,0.04603505879640579,0.03821287029859377,0.02475262629741337,0.33164917314413245,1.356842115521431,1.581919103860855,1.0,0.0,cuda
1100,S71,paper1_deep_hgrl_ugv_assisted,0.10469038039445877,0.10065717242332539,0.013452611390675884,0.20204644996400845,1.288882851600647,1.5120275169610977,1.0,0.0,cuda
1200,S32,paper1_deep_hgrl_ugv_assisted,0.016018759459257126,0.008844085525978818,0.0181513861498388,0.09934506504984597,1.25552536547184,1.5257071107625961,1.0,0.0,cuda
1300,S58,paper1_deep_hgrl_ugv_assisted,0.029231568798422813,0.029161037281980384,0.005096512355521554,0.22228998916261844,1.329279512166977,1.5508493930101395,1.0,0.0,cuda
1400,S93,paper1_deep_hgrl_ugv_assisted,0.03566187620162964,0.023697592210588203,0.030490349854517262,0.17563717719473004,1.175670050084591,1.394380658864975,1.0,0.0,cuda
1500,S1,paper1_deep_hgrl_ugv_assisted,0.02487311139702797,0.016912666440475732,0.02261890869704075,0.2218064283952117,1.3172126114368439,1.41734217107296,1.0,0.0,cuda
1600,S19,paper1_deep_hgrl_ugv_assisted,0.020216353237628937,0.014505859785572284,0.016234696437209095,0.15951202108772122,1.2794419527053833,1.4297174215316772,1.0,0.0,cuda
1700,S5,paper1_deep_hgrl_ugv_assisted,0.05744828283786774,0.05151332382882856,0.01899315099217347,0.26119578203361016,1.2948639243841171,1.4138801097869873,1.0,0.0,cuda
1800,S53,paper1_deep_hgrl_ugv_assisted,0.0165867879986763,0.014738349010257279,0.007711456994002219,0.16217182051163093,1.2645622044801712,1.4952972382307053,1.0,0.0,cuda
1900,S21,paper1_deep_hgrl_ugv_assisted,0.05797890946269035,0.05413747638522182,0.014581545107404281,0.27202610651791304,1.212193176150322,1.3532671183347702,1.0,0.0,cuda
2000,S18,paper1_deep_hgrl_ugv_assisted,0.0392896793782711,0.03631524700904265,0.013075693088467233,0.2909631305330236,1.2999145686626434,1.5015306621789932,1.0,0.0,cuda
2100,S94,paper1_deep_hgrl_ugv_assisted,0.03231991082429886,0.025927758979378268,0.01712416604277678,0.13137229905886466,1.1771770417690277,1.3994089215993881,1.0,0.0,cuda
2200,S16,paper1_deep_hgrl_ugv_assisted,0.01662234030663967,0.008902130573005707,0.01945865518428036,0.10361848159118381,1.2745316475629807,1.4113594591617584,1.0,0.0,cuda
2300,S5,paper1_deep_hgrl_ugv_assisted,0.020885998383164406,0.014765913267638098,0.01635113204974914,0.1237924142042175,1.2948639243841171,1.4138801097869873,1.0,0.0,cuda
2400,S47,paper1_deep_hgrl_ugv_assisted,0.00542631559073925,0.0018801517183959504,0.008515033754520118,0.028560148557920995,1.2245245724916458,1.4729937613010406,1.0,0.0,cuda
2500,S82,paper1_deep_hgrl_ugv_assisted,0.012354199774563313,0.009133294618855814,0.008820214265142567,0.07481910804385665,1.1923714652657509,1.4555232152342796,1.0,0.0,cuda
2600,S8,paper1_deep_hgrl_ugv_assisted,0.049755923449993134,0.040291444423906864,0.027401457678934094,0.2866174993124275,1.368886485695839,1.5015903413295746,1.0,0.0,cuda
2700,S48,paper1_deep_hgrl_ugv_assisted,0.020339731127023697,0.009570764571023016,0.0256149971683044,0.07577803003962535,1.1752907037734985,1.4593431949615479,1.0,0.0,cuda
2800,S2,paper1_deep_hgrl_ugv_assisted,0.031027980148792267,0.020468362435508425,0.028358989831758663,0.22019276183358727,1.396485149860382,1.4933184087276459,1.0,0.0,cuda
2900,S9,paper1_deep_hgrl_ugv_assisted,0.029471423476934433,0.024729801929943562,0.014180629752445384,0.16396625560764733,1.2044913321733475,1.3492239117622375,1.0,0.0,cuda
3000,S92,paper1_deep_hgrl_ugv_assisted,0.028928054496645927,0.022519831531098156,0.0184326986659471,0.1886490505148808,1.333484634757042,1.5480686873197556,1.0,0.0,cuda
3100,S42,paper1_deep_hgrl_ugv_assisted,0.04308165982365608,0.03528538865065567,0.021635476645315066,0.19396942981907728,1.401721328496933,1.543182522058487,1.0,0.0,cuda
3200,S76,paper1_deep_hgrl_ugv_assisted,0.01869913935661316,0.003013801801635907,0.03576428771702922,0.04085913497215188,1.0397772789001465,1.2476029768586159,1.0,0.0,cuda
3300,S59,paper1_deep_hgrl_ugv_assisted,0.031740330159664154,0.0296709172860119,0.009360286432638532,0.2142715661202383,1.0991492345929146,1.2641635239124298,1.0,0.0,cuda
3400,S92,paper1_deep_hgrl_ugv_assisted,0.03948197886347771,0.02809434285154544,0.029102789441822097,0.17086168071302746,1.333484634757042,1.5480686873197556,1.0,0.0,cuda
3500,S72,paper1_deep_hgrl_ugv_assisted,0.013607820495963097,0.00741614889623321,0.01524698188950424,0.06694695676064755,1.328182116150856,1.5707214325666428,1.0,0.0,cuda
3600,S14,paper1_deep_hgrl_ugv_assisted,0.015218242071568966,0.004557497169855651,0.025466706142651674,0.07992726611200851,1.3075557053089142,1.3865178376436234,1.0,0.0,cuda
3700,S6,paper1_deep_hgrl_ugv_assisted,0.026460718363523483,0.022058002541512245,0.014235567105060909,0.2003289016245731,1.240106776356697,1.397838369011879,1.0,0.0,cuda
3800,S90,paper1_deep_hgrl_ugv_assisted,0.011903256177902222,0.008701018004558136,0.008665926684329861,0.06974278052232162,1.0734376460313797,1.2871738523244858,1.0,0.0,cuda
3900,S60,paper1_deep_hgrl_ugv_assisted,0.011153088882565498,0.004799690435901338,0.015663182333810255,0.06950332047910025,1.18467378616333,1.384837195277214,1.0,0.0,cuda
4000,S23,paper1_deep_hgrl_ugv_assisted,0.0212726928293705,0.014140705694117628,0.019393120182940038,0.15949174801601812,1.3599309027194977,1.46723572909832,1.0,0.0,cuda
4100,S8,paper1_deep_hgrl_ugv_assisted,0.022474782541394234,0.015301796414860291,0.01986239452526206,0.17650911672916214,1.368886485695839,1.5015903413295746,1.0,0.0,cuda
4200,S54,paper1_deep_hgrl_ugv_assisted,0.009818685241043568,0.00022022587238246238,0.021457908675074577,0.005760006154256016,1.2873181104660034,1.50365249812603,1.0,0.0,cuda
4300,S30,paper1_deep_hgrl_ugv_assisted,0.03209661319851875,0.025390759676490404,0.016825713170419476,0.08657168475610888,1.0694422498345375,1.2603446245193481,1.0,0.0,cuda
4400,S86,paper1_deep_hgrl_ugv_assisted,0.01313528697937727,0.005524427735565496,0.01868565538461553,0.07976853432052901,1.2652576193213463,1.5636393204331398,1.0,0.0,cuda
4500,S70,paper1_deep_hgrl_ugv_assisted,0.007693824358284473,0.0021103979231611447,0.01315116378282255,0.03345966872368427,1.2133326977491379,1.3624742925167084,1.0,0.0,cuda
4600,S56,paper1_deep_hgrl_ugv_assisted,0.007116751279681921,1.0414423804672168e-05,0.015800465691427235,0.000387242929235904,1.0721832886338234,1.2966968715190887,1.0,0.0,cuda
4700,S25,paper1_deep_hgrl_ugv_assisted,0.006607765797525644,4.7683555570721126e-07,0.014683409470308106,2.449378826399932e-05,1.2425906956195831,1.4500455558300018,1.0,0.0,cuda
4800,S71,paper1_deep_hgrl_ugv_assisted,0.00688585452735424,0.0033446727984483005,0.008790071688451917,0.041435058577126906,1.288882851600647,1.5120275169610977,1.0,0.0,cuda
4900,S35,paper1_deep_hgrl_ugv_assisted,0.006860087160021067,0.0019161462141710217,0.011752397524105618,0.03446377817799074,1.1098542511463165,1.2982890158891678,1.0,0.0,cuda
5000,S65,paper1_deep_hgrl_ugv_assisted,0.013338036835193634,1.6568368209846085e-05,0.029617516149301082,0.0006412653047691008,0.9664373993873596,1.233848586678505,1.0,0.0,cuda
5100,S72,paper1_deep_hgrl_ugv_assisted,0.009484069421887398,0.003716624311886463,0.013804462607367896,0.04445626958795009,1.328182116150856,1.5707214325666428,1.0,0.0,cuda
5200,S12,paper1_deep_hgrl_ugv_assisted,0.01990150287747383,0.014633217784876251,0.014543542474370952,0.12763093841565035,1.2633539885282516,1.3509744703769684,1.0,0.0,cuda
5300,S53,paper1_deep_hgrl_ugv_assisted,0.005975391715764999,0.0035820827778181297,0.006611322748085513,0.058178581185088014,1.2645622044801712,1.4952972382307053,1.0,0.0,cuda
5400,S77,paper1_deep_hgrl_ugv_assisted,0.09812134504318237,0.09076600754633524,0.02019228085191571,0.17311985273931016,1.120913714170456,1.3314435482025146,1.0,0.0,cuda
5500,S88,paper1_deep_hgrl_ugv_assisted,0.009921858087182045,0.00033000431496077454,0.0214852647193311,0.0076514310017632425,1.260943353176117,1.5013574957847595,1.0,0.0,cuda
5600,S59,paper1_deep_hgrl_ugv_assisted,0.03696346655488014,0.02928233575721606,0.01942739088917733,0.1061197108657482,1.0991492345929146,1.2641635239124298,1.0,0.0,cuda
5700,S80,paper1_deep_hgrl_ugv_assisted,0.010513892397284508,0.0062208331655710936,0.011177037108240029,0.07366073253265751,1.0935153663158417,1.3009029924869537,1.0,0.0,cuda
5800,S60,paper1_deep_hgrl_ugv_assisted,0.006972069852054119,0.0029379139498928453,0.009965245733610573,0.04502048459790422,1.18467378616333,1.384837195277214,1.0,0.0,cuda
5900,S64,paper1_deep_hgrl_ugv_assisted,0.0036806296557188034,7.058908408685838e-06,0.008169739985632418,0.0002812068545843296,1.2121527343988419,1.439414143562317,1.0,0.0,cuda
6000,S76,paper1_deep_hgrl_ugv_assisted,0.012922262772917747,0.004650951828803818,0.019496953620091517,0.0502317202263577,1.0397772789001465,1.2476029768586159,1.0,0.0,cuda
6100,S11,paper1_deep_hgrl_ugv_assisted,0.017413031309843063,0.010785550041919834,0.017162219162855763,0.10955170229223654,1.2661944776773453,1.3627476543188095,1.0,0.0,cuda
6200,S97,paper1_deep_hgrl_ugv_assisted,0.002872338518500328,0.0011286928591258683,0.004321162728956551,0.02008774926447692,1.136467069387436,1.2854808121919632,1.0,0.0,cuda
6300,S53,paper1_deep_hgrl_ugv_assisted,0.02824225276708603,0.027260046406745175,0.005074038715974893,0.13011123329079063,1.2645622044801712,1.4952972382307053,1.0,0.0,cuda
6400,S65,paper1_deep_hgrl_ugv_assisted,0.007946775294840336,2.488401744216162e-06,0.01765630568843335,0.00010503858184741964,0.9664373993873596,1.233848586678505,1.0,0.0,cuda
6500,S70,paper1_deep_hgrl_ugv_assisted,0.0029548087622970343,0.0005274755311999169,0.005646594065240151,0.01136340166676711,1.2133326977491379,1.3624742925167084,1.0,0.0,cuda
6600,S89,paper1_deep_hgrl_ugv_assisted,0.004662469495087862,4.546843621255903e-05,0.010295216081431136,0.0015845939651626395,1.195060059428215,1.3537067621946335,1.0,0.0,cuda
6700,S24,paper1_deep_hgrl_ugv_assisted,0.003979360684752464,0.00016661812775708995,0.008566340577090159,0.004211048786174901,1.1856894046068192,1.3941348195075989,1.0,0.0,cuda
6800,S86,paper1_deep_hgrl_ugv_assisted,0.011839721351861954,0.0024611620065062567,0.02170237523750984,0.038750890149913175,1.2652576193213463,1.5636393204331398,1.0,0.0,cuda
6900,S33,paper1_deep_hgrl_ugv_assisted,0.0019220463000237942,5.215404264014012e-08,0.004271162519216887,2.8959253754558874e-06,1.2681915909051895,1.4177878499031067,1.0,0.0,cuda
7000,S61,paper1_deep_hgrl_ugv_assisted,0.004810687154531479,3.166344747285166e-06,0.010686281423431865,0.00013056454458619158,1.1854537278413773,1.4359345436096191,1.0,0.0,cuda
7100,S79,paper1_deep_hgrl_ugv_assisted,0.012612561695277691,5.284764941393405e-05,0.02794533783890074,0.0015687203906171042,1.057356059551239,1.2867252007126808,1.0,0.0,cuda
7200,S71,paper1_deep_hgrl_ugv_assisted,0.00471752043813467,0.0006000075697834006,0.009413652864168398,0.011863120341799368,1.288882851600647,1.5120275169610977,1.0,0.0,cuda
7300,S23,paper1_deep_hgrl_ugv_assisted,0.009932927787303925,0.007478474416075187,0.007362324839050416,0.08585930786774566,1.3599309027194977,1.46723572909832,1.0,0.0,cuda
7400,S60,paper1_deep_hgrl_ugv_assisted,0.014653373509645462,0.008785183667100682,0.014739837381057441,0.07647375314300803,1.18467378616333,1.384837195277214,1.0,0.0,cuda
7500,S30,paper1_deep_hgrl_ugv_assisted,0.011998327448964119,0.005528386216608894,0.015608800160407554,0.055401938922702065,1.0694422498345375,1.2603446245193481,1.0,0.0,cuda
7600,S22,paper1_deep_hgrl_ugv_assisted,0.008421169593930244,0.004318155516537914,0.010204077239905018,0.048882121516131916,1.2042591571807861,1.3084384053945541,1.0,0.0,cuda
7700,S8,paper1_deep_hgrl_ugv_assisted,0.004139609634876251,0.003238891396902588,0.00322353333490355,0.054987179891347805,1.368886485695839,1.5015903413295746,1.0,0.0,cuda
7800,S64,paper1_deep_hgrl_ugv_assisted,0.007038319483399391,8.679870262540135e-07,0.01563973693993148,4.297270218311944e-05,1.2121527343988419,1.439414143562317,1.0,0.0,cuda
7900,S26,paper1_deep_hgrl_ugv_assisted,0.003518730401992798,6.313731317320048e-06,0.0078107158915372565,0.000240523442179052,1.2664661705493927,1.46210016310215,1.0,0.0,cuda
8000,S4,paper1_deep_hgrl_ugv_assisted,0.06181975454092026,0.056416945277305786,0.017270094877403608,0.23687303695117445,1.2874466478824615,1.433174416422844,1.0,0.0,cuda
8100,S6,paper1_deep_hgrl_ugv_assisted,0.008282298222184181,0.005546774191316217,0.0078076534264255315,0.07779194458360332,1.240106776356697,1.397838369011879,1.0,0.0,cuda
8200,S42,paper1_deep_hgrl_ugv_assisted,0.03232504427433014,0.025631949497579853,0.017319969174423022,0.11008899898192405,1.401721328496933,1.543182522058487,1.0,0.0,cuda
8300,S25,paper1_deep_hgrl_ugv_assisted,0.008208811283111572,0.0,0.018241803418277414,5.1955324771581325e-09,1.2425906956195831,1.4500455558300018,1.0,0.0,cuda
8400,S24,paper1_deep_hgrl_ugv_assisted,0.0042603760957717896,0.00021928648129687645,0.009098099719267339,0.00530553144343166,1.1856894046068192,1.3941348195075989,1.0,0.0,cuda
8500,S13,paper1_deep_hgrl_ugv_assisted,0.02704935148358345,0.02254684665967943,0.012028488254145486,0.09103165376769068,1.373315453529358,1.49118672311306,1.0,0.0,cuda
8600,S83,paper1_deep_hgrl_ugv_assisted,0.010133658535778522,0.0006948682007532625,0.021289680386587406,0.014156567826945736,1.1881427764892578,1.4804472476243973,1.0,0.0,cuda
8700,S92,paper1_deep_hgrl_ugv_assisted,0.008643114008009434,0.0014271186446030981,0.016593531560374686,0.025109392889817173,1.333484634757042,1.5480686873197556,1.0,0.0,cuda
8800,S21,paper1_deep_hgrl_ugv_assisted,0.026073534041643143,0.023082189640717843,0.00904859320507967,0.1080522971602369,1.212193176150322,1.3532671183347702,1.0,0.0,cuda
8900,S46,paper1_deep_hgrl_ugv_assisted,0.00486195832490921,1.0026872587332036e-05,0.010790129981614882,0.00036267515131963073,1.1910727620124817,1.419647216796875,1.0,0.0,cuda
9000,S87,paper1_deep_hgrl_ugv_assisted,0.004082713276147842,0.0,0.009072696269072367,1.1858500904629528e-08,1.1387315765023232,1.3620279431343079,1.0,0.0,cuda
9100,S96,paper1_deep_hgrl_ugv_assisted,0.00887536071240902,0.0069479595294978935,0.005978792809401057,0.07630558721448139,1.1946104615926743,1.4369239956140518,1.0,0.0,cuda
9200,S49,paper1_deep_hgrl_ugv_assisted,0.0021493295207619667,4.805588664780203e-07,0.004775743140271516,2.3539534251615626e-05,1.249408558011055,1.4984077960252762,1.0,0.0,cuda
9300,S14,paper1_deep_hgrl_ugv_assisted,0.00738845719024539,0.0001456243395521195,0.016183412282771314,0.00397028868679099,1.3075557053089142,1.3865178376436234,1.0,0.0,cuda
9400,S91,paper1_deep_hgrl_ugv_assisted,0.007544560823589563,0.007219399798486625,0.002154259089365951,0.06442557538760875,1.265677034854889,1.4819144159555435,1.0,0.0,cuda
9500,S87,paper1_deep_hgrl_ugv_assisted,0.0039544845931231976,0.0,0.008787743524408143,8.432136157396391e-09,1.1387315765023232,1.3620279431343079,1.0,0.0,cuda
9600,S60,paper1_deep_hgrl_ugv_assisted,0.021470200270414352,0.01693562203854526,0.012432118179276586,0.10598761448948613,1.18467378616333,1.384837195277214,1.0,0.0,cuda
9700,S23,paper1_deep_hgrl_ugv_assisted,0.007158246822655201,0.0030485201431247333,0.010226376005050497,0.049214247878968415,1.3599309027194977,1.46723572909832,1.0,0.0,cuda
9800,S35,paper1_deep_hgrl_ugv_assisted,0.0027301418595016003,0.00016546392726013437,0.005800675585291515,0.004562590674505929,1.1098542511463165,1.2982890158891678,1.0,0.0,cuda
9900,S62,paper1_deep_hgrl_ugv_assisted,0.006605625618249178,0.004000134591478854,0.007185929376646527,0.06281768410768279,1.1867095530033112,1.364444077014923,1.0,0.0,cuda
10000,S72,paper1_deep_hgrl_ugv_assisted,0.005812439601868391,0.0013335468247532845,0.01043520555322175,0.021694959928282603,1.328182116150856,1.5707214325666428,1.0,0.0,cuda
10100,S47,paper1_deep_hgrl_ugv_assisted,0.009554749354720116,0.00020078745728824288,0.020894172186672222,0.004841501367105089,1.2245245724916458,1.4729937613010406,1.0,0.0,cuda
10200,S96,paper1_deep_hgrl_ugv_assisted,0.01175620499998331,0.009355567515740404,0.006997939017310273,0.07484343909462175,1.1946104615926743,1.4369239956140518,1.0,0.0,cuda
10300,S84,paper1_deep_hgrl_ugv_assisted,0.0066969734616577625,0.004173050168500225,0.006655568906284159,0.04710823980215928,1.2503406256437302,1.3963436633348465,1.0,0.0,cuda
10400,S85,paper1_deep_hgrl_ugv_assisted,0.00458908686414361,0.002400145960109512,0.005617439550405834,0.0338906942942532,1.213756412267685,1.4343082457780838,1.0,0.0,cuda
10500,S4,paper1_deep_hgrl_ugv_assisted,0.054121509194374084,0.050580765090998625,0.012556245353152917,0.2109566040235224,1.2874466478824615,1.433174416422844,1.0,0.0,cuda
10600,S86,paper1_deep_hgrl_ugv_assisted,0.007320942357182503,0.002240369388346153,0.012049370525346603,0.03416437445346432,1.2652576193213463,1.5636393204331398,1.0,0.0,cuda
10700,S63,paper1_deep_hgrl_ugv_assisted,0.03920924291014671,0.03695108362535393,0.007173482488724403,0.09699103624862926,1.3387739807367325,1.5245229005813599,1.0,0.0,cuda
10800,S54,paper1_deep_hgrl_ugv_assisted,0.0013287125620990992,7.450580152834618e-09,0.002952688836430184,4.792675074554044e-07,1.2873181104660034,1.50365249812603,1.0,0.0,cuda
10900,S66,paper1_deep_hgrl_ugv_assisted,0.0036228224635124207,5.587930473893721e-08,0.008050660031585721,3.0258252106779153e-06,1.153009094297886,1.4033393189311028,1.0,0.0,cuda
11000,S21,paper1_deep_hgrl_ugv_assisted,0.012212935835123062,0.005126717519486235,0.017276786784350406,0.06883355620690151,1.212193176150322,1.3532671183347702,1.0,0.0,cuda
11100,S37,paper1_deep_hgrl_ugv_assisted,0.002266455441713333,3.7399974459617624e-06,0.0050318691596942244,0.00016255801789983394,1.233321875333786,1.34791399538517,1.0,0.0,cuda
11200,S90,paper1_deep_hgrl_ugv_assisted,0.010752884671092033,0.00614969851449132,0.011532966669619782,0.0586648882229411,1.0734376460313797,1.2871738523244858,1.0,0.0,cuda
11300,S56,paper1_deep_hgrl_ugv_assisted,0.005064512602984905,0.0,0.011254472759901546,1.3281340848841707e-08,1.0721832886338234,1.2966968715190887,1.0,0.0,cuda
11400,S80,paper1_deep_hgrl_ugv_assisted,0.005770323798060417,0.0029160985723137856,0.007370356457158778,0.04624349623918539,1.0935153663158417,1.3009029924869537,1.0,0.0,cuda
11500,S28,paper1_deep_hgrl_ugv_assisted,0.00988193228840828,0.00029265894409036264,0.021482715877937153,0.007794836536730278,1.4625257551670074,1.5687993466854095,1.0,0.0,cuda
11600,S67,paper1_deep_hgrl_ugv_assisted,0.004245729185640812,1.1587229892029427e-05,0.009418367425155338,0.0004123274411542519,1.2217330932617188,1.4598634093999863,1.0,0.0,cuda
11700,S51,paper1_deep_hgrl_ugv_assisted,0.013572188094258308,3.595815724111162e-05,0.030105308887868887,0.001115782303925344,1.3093283921480179,1.6223378330469131,1.0,0.0,cuda
11800,S46,paper1_deep_hgrl_ugv_assisted,0.003484545974060893,1.4155782537272898e-06,0.007741673107830138,6.223390698326948e-05,1.1910727620124817,1.419647216796875,1.0,0.0,cuda
11900,S42,paper1_deep_hgrl_ugv_assisted,0.03334738314151764,0.02784432254929392,0.014676947628686321,0.11015645973232609,1.401721328496933,1.543182522058487,1.0,0.0,cuda
12000,S70,paper1_deep_hgrl_ugv_assisted,0.0034081810154020786,2.303991999497157e-05,0.007539377573266393,0.0007578670298364207,1.2133326977491379,1.3624742925167084,1.0,0.0,cuda
12100,S98,paper1_deep_hgrl_ugv_assisted,0.0051413048058748245,0.0,0.011425121684169426,7.675782042336744e-10,1.2117909789085388,1.440457746386528,1.0,0.0,cuda
12200,S81,paper1_deep_hgrl_ugv_assisted,0.001261556288227439,1.4528598057950148e-07,0.0028033183421030117,8.218109415018617e-06,1.0046859383583069,1.1760452389717102,1.0,0.0,cuda
12300,S2,paper1_deep_hgrl_ugv_assisted,0.0037742010317742825,0.0002837375529338715,0.007906047838332597,0.00672581063190714,1.396485149860382,1.4933184087276459,1.0,0.0,cuda
12400,S36,paper1_deep_hgrl_ugv_assisted,0.004769682418555021,0.000687640807882417,0.009421817007023492,0.015777610753881014,1.277477890253067,1.459118440747261,1.0,0.0,cuda
12500,S93,paper1_deep_hgrl_ugv_assisted,0.00607211422175169,0.00019037739548011245,0.013173457293760293,0.004631887558257115,1.175670050084591,1.394380658864975,1.0,0.0,cuda
12600,S55,paper1_deep_hgrl_ugv_assisted,0.027803141623735428,0.0223852189083118,0.014108737974822816,0.09310100461330123,1.222463697195053,1.4871380925178528,1.0,0.0,cuda
12700,S23,paper1_deep_hgrl_ugv_assisted,0.0037548549007624388,0.0017956816009245813,0.005021410383960756,0.030046129391134515,1.3599309027194977,1.46723572909832,1.0,0.0,cuda
12800,S15,paper1_deep_hgrl_ugv_assisted,0.005939702037721872,0.001735389573326529,0.009977125526347663,0.028539390428522493,1.2897784113883972,1.3989267349243164,1.0,0.0,cuda
12900,S86,paper1_deep_hgrl_ugv_assisted,0.009945610538125038,0.0006659694643076364,0.020928005970176855,0.013796096924255714,1.2652576193213463,1.5636393204331398,1.0,0.0,cuda
13000,S35,paper1_deep_hgrl_ugv_assisted,0.002456838730722666,3.862657649733592e-05,0.005402580024224335,0.0012948624693112087,1.1098542511463165,1.2982890158891678,1.0,0.0,cuda
13100,S41,paper1_deep_hgrl_ugv_assisted,0.00472425390034914,1.4901157641133977e-08,0.010498326268134406,7.972920564952834e-07,1.1456653028726578,1.420890673995018,1.0,0.0,cuda
13200,S1,paper1_deep_hgrl_ugv_assisted,0.0035189653281122446,6.891747259540892e-07,0.00781914561503072,3.391657641888847e-05,1.3172126114368439,1.41734217107296,1.0,0.0,cuda
13300,S32,paper1_deep_hgrl_ugv_assisted,0.00377463037148118,5.587931162231996e-08,0.008388011425267905,3.0600381411175382e-06,1.25552536547184,1.5257071107625961,1.0,0.0,cuda
13400,S100,paper1_deep_hgrl_ugv_assisted,0.005573437083512545,0.003502079748500364,0.005542599726936714,0.04228127547332572,1.0081998109817505,1.2128115594387054,1.0,0.0,cuda
13500,S83,paper1_deep_hgrl_ugv_assisted,0.010588635690510273,0.0016537796946067829,0.020427617637324147,0.025757207368189445,1.1881427764892578,1.4804472476243973,1.0,0.0,cuda
13600,S81,paper1_deep_hgrl_ugv_assisted,0.0024903358425945044,4.2095496155525325e-07,0.005533608975383686,2.090905424270842e-05,1.0046859383583069,1.1760452389717102,1.0,0.0,cuda
13700,S53,paper1_deep_hgrl_ugv_assisted,0.011897043325006962,0.010206534527199551,0.005404240459029097,0.07413987423116476,1.2645622044801712,1.4952972382307053,1.0,0.0,cuda
13800,S12,paper1_deep_hgrl_ugv_assisted,0.00516388937830925,0.0018206426679228116,0.00804709278691007,0.0277945095091236,1.2633539885282516,1.3509744703769684,1.0,0.0,cuda
13900,S24,paper1_deep_hgrl_ugv_assisted,0.004097350873053074,0.00029422803345369175,0.008602350081673649,0.006793462794861771,1.1856894046068192,1.3941348195075989,1.0,0.0,cuda
14000,S68,paper1_deep_hgrl_ugv_assisted,0.015736345201730728,0.005695523710983252,0.023593620106112212,0.05763061598926105,1.2327261120080948,1.4139586389064789,1.0,0.0,cuda
14100,S48,paper1_deep_hgrl_ugv_assisted,0.0062174429185688496,0.0022718783002346754,0.009473339591750118,0.03174380586214784,1.1752907037734985,1.4593431949615479,1.0,0.0,cuda
14200,S42,paper1_deep_hgrl_ugv_assisted,0.06849335879087448,0.06425299866941692,0.013044613806414418,0.16297086647397765,1.401721328496933,1.543182522058487,1.0,0.0,cuda
14300,S65,paper1_deep_hgrl_ugv_assisted,0.0027130134403705597,0.0,0.006028919781329023,4.195857944309029e-08,0.9664373993873596,1.233848586678505,1.0,0.0,cuda
14400,S92,paper1_deep_hgrl_ugv_assisted,0.006891719996929169,0.0003408244978544417,0.014730793074704707,0.007796170256824553,1.333484634757042,1.5480686873197556,1.0,0.0,cuda
14500,S93,paper1_deep_hgrl_ugv_assisted,0.004741051234304905,0.00025167770218104124,0.010106109320986434,0.005837565175016206,1.175670050084591,1.394380658864975,1.0,0.0,cuda
14600,S98,paper1_deep_hgrl_ugv_assisted,0.005787691101431847,0.0,0.012861536094606052,9.455366630549393e-10,1.2117909789085388,1.440457746386528,1.0,0.0,cuda
14700,S12,paper1_deep_hgrl_ugv_assisted,0.01673377864062786,0.013311305662625728,0.009423739626072347,0.08182089504100228,1.2633539885282516,1.3509744703769684,1.0,0.0,cuda
14800,S89,paper1_deep_hgrl_ugv_assisted,0.0024377761874347925,2.9503565741606508e-06,0.0054135948921612,0.0001291883328074922,1.195060059428215,1.3537067621946335,1.0,0.0,cuda
14900,S27,paper1_deep_hgrl_ugv_assisted,0.012069148011505604,0.0,0.026820328207577404,5.235902163876171e-10,1.1922951340675354,1.4400544315576553,1.0,0.0,cuda
15000,S36,paper1_deep_hgrl_ugv_assisted,0.004713995382189751,0.0013324325700523332,0.008032937745156232,0.023325879005562277,1.277477890253067,1.459118440747261,1.0,0.0,cuda
15100,S4,paper1_deep_hgrl_ugv_assisted,0.09294169396162033,0.08759151003323473,0.015173135456279851,0.1477722114732387,1.2874466478824615,1.433174416422844,1.0,0.0,cuda
15200,S100,paper1_deep_hgrl_ugv_assisted,0.003759678453207016,0.002066447865212595,0.004423328491157008,0.029726694374567764,1.0081998109817505,1.2128115594387054,1.0,0.0,cuda
15300,S65,paper1_deep_hgrl_ugv_assisted,0.0026534057687968016,0.0,0.005896457703784108,3.9946982031327134e-09,0.9664373993873596,1.233848586678505,1.0,0.0,cuda
15400,S82,paper1_deep_hgrl_ugv_assisted,0.0024659973569214344,2.607594524306478e-06,0.005476608270328143,0.00010838586002500796,1.1923714652657509,1.4555232152342796,1.0,0.0,cuda
15500,S36,paper1_deep_hgrl_ugv_assisted,0.005165095441043377,0.0004344034823589027,0.010740451325546019,0.010251102976589039,1.277477890253067,1.459118440747261,1.0,0.0,cuda
15600,S11,paper1_deep_hgrl_ugv_assisted,0.005088868085294962,0.00034517950544454834,0.010716527814849997,0.007874917312590395,1.2661944776773453,1.3627476543188095,1.0,0.0,cuda
15700,S15,paper1_deep_hgrl_ugv_assisted,0.003591777291148901,0.00040667112362768876,0.00728854021542702,0.00947369337816184,1.2897784113883972,1.3989267349243164,1.0,0.0,cuda
15800,S84,paper1_deep_hgrl_ugv_assisted,0.004693035967648029,0.001182528561912255,0.008242033386132164,0.01984079093584906,1.2503406256437302,1.3963436633348465,1.0,0.0,cuda
15900,S56,paper1_deep_hgrl_ugv_assisted,0.006119098514318466,0.0,0.013597996690805303,1.0122095928359457e-10,1.0721832886338234,1.2966968715190887,1.0,0.0,cuda
16000,S29,paper1_deep_hgrl_ugv_assisted,0.0019681411795318127,2.153593050024938e-05,0.00434162810415728,0.0007127480169934267,1.1803419440984726,1.4099253416061401,1.0,0.0,cuda
16100,S98,paper1_deep_hgrl_ugv_assisted,0.004263551440089941,0.0,0.009474559398768179,5.5071033165839546e-11,1.2117909789085388,1.440457746386528,1.0,0.0,cuda
16200,S35,paper1_deep_hgrl_ugv_assisted,0.0029793702997267246,1.1837370720968465e-05,0.006604352096474031,0.0004425423507678772,1.1098542511463165,1.2982890158891678,1.0,0.0,cuda
16300,S62,paper1_deep_hgrl_ugv_assisted,0.015833241865038872,0.014000275026710085,0.00596505655579449,0.08513093972237605,1.1867095530033112,1.364444077014923,1.0,0.0,cuda
16400,S99,paper1_deep_hgrl_ugv_assisted,0.010704033076763153,0.0,0.023786742553966178,2.0405002059204834e-10,1.0898604542016983,1.3813195303082466,1.0,0.0,cuda
16500,S92,paper1_deep_hgrl_ugv_assisted,0.007649735547602177,0.00040423860946225965,0.01629399376543006,0.008680048930727935,1.333484634757042,1.5480686873197556,1.0,0.0,cuda
16600,S44,paper1_deep_hgrl_ugv_assisted,0.010602166876196861,0.009015950642833559,0.005487943973093934,0.08833581380706625,1.1144103333353996,1.2354449182748795,1.0,0.0,cuda
16700,S91,paper1_deep_hgrl_ugv_assisted,0.0037624381948262453,0.003071337852816214,0.0024104555413941853,0.03936046310213597,1.265677034854889,1.4819144159555435,1.0,0.0,cuda
16800,S21,paper1_deep_hgrl_ugv_assisted,0.009477296844124794,0.006331862998137927,0.008490070485095202,0.06750977578136882,1.212193176150322,1.3532671183347702,1.0,0.0,cuda
16900,S56,paper1_deep_hgrl_ugv_assisted,0.0054361699149012566,0.0,0.012080376938683912,1.3386644270510315e-10,1.0721832886338234,1.2966968715190887,1.0,0.0,cuda
17000,S86,paper1_deep_hgrl_ugv_assisted,0.006080716848373413,0.002588401606487878,0.008596500488948777,0.03761098210936548,1.2652576193213463,1.5636393204331398,1.0,0.0,cuda
17100,S27,paper1_deep_hgrl_ugv_assisted,0.008885065093636513,0.0,0.019744587986338047,6.639194016145741e-11,1.1922951340675354,1.4400544315576553,1.0,0.0,cuda
17200,S74,paper1_deep_hgrl_ugv_assisted,0.0053584761917591095,5.2154041085827885e-08,0.011907671439985279,2.774337820027618e-06,1.295516014099121,1.5516330897808075,1.0,0.0,cuda
17300,S27,paper1_deep_hgrl_ugv_assisted,0.009417939931154251,0.0,0.020928757534420583,3.5750864792151886e-11,1.1922951340675354,1.4400544315576553,1.0,0.0,cuda
17400,S2,paper1_deep_hgrl_ugv_assisted,0.002505567390471697,0.00043997965981290577,0.00480148548285797,0.0095080847453346,1.396485149860382,1.4933184087276459,1.0,0.0,cuda
17500,S29,paper1_deep_hgrl_ugv_assisted,0.004118107259273529,7.567328429836095e-05,0.0090303937686258,0.002124286886498794,1.1803419440984726,1.4099253416061401,1.0,0.0,cuda
17600,S78,paper1_deep_hgrl_ugv_assisted,0.0031591313891112804,0.00041912178858183324,0.00628547647889377,0.008845479227907342,1.182870328426361,1.4243009388446808,1.0,0.0,cuda
17700,S36,paper1_deep_hgrl_ugv_assisted,0.005015240050852299,0.000868109636940062,0.009622054266401392,0.0182793913411617,1.277477890253067,1.459118440747261,1.0,0.0,cuda
17800,S6,paper1_deep_hgrl_ugv_assisted,0.003950199112296104,0.0004904041093141132,0.007942388716630333,0.011428000373541391,1.240106776356697,1.397838369011879,1.0,0.0,cuda
17900,S17,paper1_deep_hgrl_ugv_assisted,0.002409890294075012,9.685739854603526e-08,0.00535520450284821,4.862010428042559e-06,1.274993970990181,1.4768053591251373,1.0,0.0,cuda
18000,S82,paper1_deep_hgrl_ugv_assisted,0.0027707559056580067,4.051605719723739e-05,0.006094727489880825,0.0012387486640484593,1.1923714652657509,1.4555232152342796,1.0,0.0,cuda
18100,S56,paper1_deep_hgrl_ugv_assisted,0.007707989774644375,0.0,0.017128865532868076,1.2833629203751741e-11,1.0721832886338234,1.2966968715190887,1.0,0.0,cuda
18200,S84,paper1_deep_hgrl_ugv_assisted,0.0038612731732428074,0.00013624600243189455,0.008355665317139938,0.003502196308832437,1.2503406256437302,1.3963436633348465,1.0,0.0,cuda
18300,S78,paper1_deep_hgrl_ugv_assisted,0.002991132903844118,6.413207302102819e-05,0.0065453861716378015,0.0018422758442883617,1.182870328426361,1.4243009388446808,1.0,0.0,cuda
18400,S46,paper1_deep_hgrl_ugv_assisted,0.0048300535418093204,1.1101168411187246e-06,0.010732091570389457,4.977000241783105e-05,1.1910727620124817,1.419647216796875,1.0,0.0,cuda
18500,S15,paper1_deep_hgrl_ugv_assisted,0.0037508958484977484,0.00026202573636080473,0.007903157296823338,0.006755056348769754,1.2897784113883972,1.3989267349243164,1.0,0.0,cuda
18600,S76,paper1_deep_hgrl_ugv_assisted,0.007824393920600414,7.859373909013811e-06,0.017376543444697745,0.0002909901252321421,1.0397772789001465,1.2476029768586159,1.0,0.0,cuda
18700,S100,paper1_deep_hgrl_ugv_assisted,0.004420592449605465,0.0015778575325382516,0.0068623325410044345,0.024531480646743375,1.0081998109817505,1.2128115594387054,1.0,0.0,cuda
18800,S84,paper1_deep_hgrl_ugv_assisted,0.004162943921983242,0.0015169709222364602,0.006409798849460913,0.023843631572068973,1.2503406256437302,1.3963436633348465,1.0,0.0,cuda
18900,S52,paper1_deep_hgrl_ugv_assisted,0.005533874966204166,0.000435003235907061,0.011543219387021963,0.009557725486986968,1.4130900502204895,1.5847169160842896,1.0,0.0,cuda
19000,S35,paper1_deep_hgrl_ugv_assisted,0.0031058648601174355,5.420045226856018e-06,0.006894874240970239,0.0002248260698803164,1.1098542511463165,1.2982890158891678,1.0,0.0,cuda
19100,S60,paper1_deep_hgrl_ugv_assisted,0.003387853503227234,8.20488818362719e-05,0.007398424470011378,0.002348641266516978,1.18467378616333,1.384837195277214,1.0,0.0,cuda
19200,S96,paper1_deep_hgrl_ugv_assisted,0.00477664265781641,0.002947607433725352,0.004978080060936918,0.041110092839517186,1.1946104615926743,1.4369239956140518,1.0,0.0,cuda
19300,S1,paper1_deep_hgrl_ugv_assisted,0.002985396422445774,2.2351734685344127e-08,0.006634192908109071,1.2707707193906837e-06,1.3172126114368439,1.41734217107296,1.0,0.0,cuda
19400,S26,paper1_deep_hgrl_ugv_assisted,0.001509461784735322,0.0,0.0033543600391112705,1.7027534741274795e-08,1.2664661705493927,1.46210016310215,1.0,0.0,cuda
19500,S70,paper1_deep_hgrl_ugv_assisted,0.002038324251770973,1.4156070449189428e-07,0.004529450650609945,6.99966424965679e-06,1.2133326977491379,1.3624742925167084,1.0,0.0,cuda
19600,S65,paper1_deep_hgrl_ugv_assisted,0.0030024778097867966,0.0,0.00667217289827704,3.086221781606336e-10,0.9664373993873596,1.233848586678505,1.0,0.0,cuda
19700,S74,paper1_deep_hgrl_ugv_assisted,0.007894756272435188,0.0034845152404052726,0.01073675902443938,0.042130061458699956,1.295516014099121,1.5516330897808075,1.0,0.0,cuda
19800,S45,paper1_deep_hgrl_ugv_assisted,0.005380050279200077,1.3962993762106635e-05,0.011935448535950854,0.00048643944897816966,1.2264172732830048,1.4548592269420624,1.0,0.0,cuda
19900,S4,paper1_deep_hgrl_ugv_assisted,0.017007850110530853,0.013859739516192349,0.009932543236118363,0.13215348431408036,1.2874466478824615,1.433174416422844,1.0,0.0,cuda
20000,S88,paper1_deep_hgrl_ugv_assisted,0.006796630099415779,1.4901157641133977e-08,0.015103607148375886,7.931626641749058e-07,1.260943353176117,1.5013574957847595,1.0,0.0,cuda
20100,S88,paper1_deep_hgrl_ugv_assisted,0.008531580679118633,0.0,0.018959068893252606,6.758827624653029e-09,1.260943353176117,1.5013574957847595,1.0,0.0,cuda
20200,S40,paper1_deep_hgrl_ugv_assisted,0.0028733001090586185,3.352760380437303e-08,0.006385081902408274,2.0243966787392896e-06,1.4037995785474777,1.583555355668068,1.0,0.0,cuda
20300,S87,paper1_deep_hgrl_ugv_assisted,0.006123704835772514,0.0,0.013608233253762592,5.434906708236618e-12,1.1387315765023232,1.3620279431343079,1.0,0.0,cuda
20400,S92,paper1_deep_hgrl_ugv_assisted,0.0069633726961910725,0.00011566313889943558,0.015289293660316616,0.0032472424168742964,1.333484634757042,1.5480686873197556,1.0,0.0,cuda
20500,S17,paper1_deep_hgrl_ugv_assisted,0.0020866927225142717,7.450572070410999e-08,0.004637016143533401,3.902146090695244e-06,1.274993970990181,1.4768053591251373,1.0,0.0,cuda
20600,S58,paper1_deep_hgrl_ugv_assisted,0.0012373473728075624,0.00020641683659050614,0.00240105150928116,0.004954260604823369,1.329279512166977,1.5508493930101395,1.0,0.0,cuda
20700,S93,paper1_deep_hgrl_ugv_assisted,0.004215192515403032,7.746816845610738e-05,0.00924306499564409,0.0021654808088193973,1.175670050084591,1.394380658864975,1.0,0.0,cuda
20800,S56,paper1_deep_hgrl_ugv_assisted,0.0051161483861505985,0.0,0.011369219705557043,3.779522806339531e-12,1.0721832886338234,1.2966968715190887,1.0,0.0,cuda
20900,S54,paper1_deep_hgrl_ugv_assisted,0.004746174439787865,0.0,0.010547054152993951,1.966178233078263e-10,1.2873181104660034,1.50365249812603,1.0,0.0,cuda
21000,S94,paper1_deep_hgrl_ugv_assisted,0.006968921050429344,5.9224410504654657e-05,0.015393109579690645,0.001720225029690159,1.1771770417690277,1.3994089215993881,1.0,0.0,cuda
21100,S5,paper1_deep_hgrl_ugv_assisted,0.003159117652103305,0.0006856364780096769,0.005787164369422726,0.013074267885777487,1.2948639243841171,1.4138801097869873,1.0,0.0,cuda
21200,S24,paper1_deep_hgrl_ugv_assisted,0.00614522909745574,6.630947941843601e-07,0.013655288650625153,3.1362072264088074e-05,1.1856894046068192,1.3941348195075989,1.0,0.0,cuda
21300,S12,paper1_deep_hgrl_ugv_assisted,0.0031590249855071306,0.0001971625037811009,0.006696844066027552,0.005171726503641424,1.2633539885282516,1.3509744703769684,1.0,0.0,cuda
21400,S68,paper1_deep_hgrl_ugv_assisted,0.017309917137026787,0.007487564614805597,0.02326652612828184,0.0647584266690226,1.2327261120080948,1.4139586389064789,1.0,0.0,cuda
21500,S5,paper1_deep_hgrl_ugv_assisted,0.00677128043025732,0.00481174373999238,0.005492996653629234,0.05123116954978968,1.2948639243841171,1.4138801097869873,1.0,0.0,cuda
21600,S1,paper1_deep_hgrl_ugv_assisted,0.0030548186041414738,1.1175869119028903e-08,0.006788477800000692,7.665212381139526e-07,1.3172126114368439,1.41734217107296,1.0,0.0,cuda
21700,S67,paper1_deep_hgrl_ugv_assisted,0.002518549095839262,4.169542444287799e-05,0.005532340248464607,0.0012699406361207366,1.2217330932617188,1.4598634093999863,1.0,0.0,cuda
21800,S81,paper1_deep_hgrl_ugv_assisted,0.0007242092397063971,4.84283987134404e-07,0.0016087970053249023,2.336743992397016e-05,1.0046859383583069,1.1760452389717102,1.0,0.0,cuda
21900,S80,paper1_deep_hgrl_ugv_assisted,0.004788330756127834,6.706825115543325e-05,0.010537432390265167,0.0020581832504831254,1.0935153663158417,1.3009029924869537,1.0,0.0,cuda
22000,S32,paper1_deep_hgrl_ugv_assisted,0.005307032261043787,0.0,0.01179340752423741,1.1611868451499863e-07,1.25552536547184,1.5257071107625961,1.0,0.0,cuda
22100,S5,paper1_deep_hgrl_ugv_assisted,0.008876198902726173,0.006804122123867273,0.005977751754471683,0.061791188690728985,1.2948639243841171,1.4138801097869873,1.0,0.0,cuda
22200,S85,paper1_deep_hgrl_ugv_assisted,0.0024742241948843002,7.052419277364663e-05,0.005390019933436463,0.0021808930621318723,1.213756412267685,1.4343082457780838,1.0,0.0,cuda
22300,S25,paper1_deep_hgrl_ugv_assisted,0.0045790597796440125,0.0,0.010175688244999037,1.91664370512143e-18,1.2425906956195831,1.4500455558300018,1.0,0.0,cuda
22400,S100,paper1_deep_hgrl_ugv_assisted,0.005137779284268618,0.0009959638118743896,0.009591414815872668,0.017432114551343858,1.0081998109817505,1.2128115594387054,1.0,0.0,cuda
22500,S16,paper1_deep_hgrl_ugv_assisted,0.0009576340671628714,0.0,0.002128077003362705,5.958488641184521e-08,1.2745316475629807,1.4113594591617584,1.0,0.0,cuda
22600,S19,paper1_deep_hgrl_ugv_assisted,0.0010306768817827106,5.540957444338801e-05,0.002203466171067703,0.0016292383834312588,1.2794419527053833,1.4297174215316772,1.0,0.0,cuda
22700,S69,paper1_deep_hgrl_ugv_assisted,0.0030242532957345247,1.899892225765143e-07,0.0067203582643742266,9.800492310388717e-06,1.2042302787303925,1.3498581796884537,1.0,0.0,cuda
22800,S18,paper1_deep_hgrl_ugv_assisted,0.006289223209023476,0.00017208649499877993,0.013688499333511572,0.004268781531465943,1.2999145686626434,1.5015306621789932,1.0,0.0,cuda
22900,S97,paper1_deep_hgrl_ugv_assisted,0.002634322037920356,0.00021384340652708111,0.005492230120125896,0.005102493700227458,1.136467069387436,1.2854808121919632,1.0,0.0,cuda
23000,S18,paper1_deep_hgrl_ugv_assisted,0.0055119129829108715,5.5931163373657e-05,0.01216183471478871,0.0016843320732410631,1.2999145686626434,1.5015306621789932,1.0,0.0,cuda
23100,S39,paper1_deep_hgrl_ugv_assisted,0.0007982284878380597,0.0,0.0017738412100243295,9.308956437723698e-11,1.3151856660842896,1.5644425302743912,1.0,0.0,cuda
23200,S27,paper1_deep_hgrl_ugv_assisted,0.009639552794396877,0.0,0.021421229426778154,1.9478181667445416e-14,1.1922951340675354,1.4400544315576553,1.0,0.0,cuda
23300,S34,paper1_deep_hgrl_ugv_assisted,0.005684110336005688,0.0,0.01263135740737198,1.4168498294571343e-08,1.166130281984806,1.4325515627861023,1.0,0.0,cuda
23400,S15,paper1_deep_hgrl_ugv_assisted,0.00726164598017931,0.00442898543019421,0.0073813363633234985,0.04889411142815493,1.2897784113883972,1.3989267349243164,1.0,0.0,cuda
23500,S48,paper1_deep_hgrl_ugv_assisted,0.004551159683614969,0.0016678503016009927,0.006974803037110178,0.02553517930209701,1.1752907037734985,1.4593431949615479,1.0,0.0,cuda
23600,S98,paper1_deep_hgrl_ugv_assisted,0.0039759436622262,0.0,0.008835430073304451,5.625177154122592e-13,1.2117909789085388,1.440457746386528,1.0,0.0,cuda
23700,S18,paper1_deep_hgrl_ugv_assisted,0.006335644517093897,0.00010630230988084577,0.013906565884099109,0.002861198495336615,1.2999145686626434,1.5015306621789932,1.0,0.0,cuda
23800,S69,paper1_deep_hgrl_ugv_assisted,0.08635464310646057,0.08393717557191849,0.0060633740158664295,0.03110456941568567,1.2042302787303925,1.3498581796884537,1.0,0.0,cuda
23900,S85,paper1_deep_hgrl_ugv_assisted,0.002624474000185728,0.0003198185336259485,0.005282160320348339,0.007231642804421623,1.213756412267685,1.4343082457780838,1.0,0.0,cuda
24000,S95,paper1_deep_hgrl_ugv_assisted,0.0053291176445782185,0.00314601389185043,0.005729700911899727,0.03952614945820333,1.2698545157909393,1.4755434393882751,1.0,0.0,cuda
24100,S71,paper1_deep_hgrl_ugv_assisted,0.004999139346182346,2.0147324903518893e-05,0.011079362855525687,0.0006720978929479613,1.288882851600647,1.5120275169610977,1.0,0.0,cuda
24200,S66,paper1_deep_hgrl_ugv_assisted,0.003302062628790736,0.0,0.007337916904361919,1.5847361617449408e-11,1.153009094297886,1.4033393189311028,1.0,0.0,cuda
24300,S100,paper1_deep_hgrl_ugv_assisted,0.0028941379860043526,0.0005899069365113974,0.0053787054703207104,0.01161862415300874,1.0081998109817505,1.2128115594387054,1.0,0.0,cuda
24400,S6,paper1_deep_hgrl_ugv_assisted,0.00476445909589529,0.0015317338924845103,0.007717978063283226,0.024036528180771757,1.240106776356697,1.397838369011879,1.0,0.0,cuda
24500,S87,paper1_deep_hgrl_ugv_assisted,0.00488943699747324,0.0,0.010865415384614607,7.292471867968132e-15,1.1387315765023232,1.3620279431343079,1.0,0.0,cuda
24600,S83,paper1_deep_hgrl_ugv_assisted,0.008109102956950665,0.00012276451525394805,0.01782624504994601,0.0035472080026561943,1.1881427764892578,1.4804472476243973,1.0,0.0,cuda
24700,S54,paper1_deep_hgrl_ugv_assisted,0.0015043301973491907,0.0,0.0033429560839408623,2.930323780148444e-11,1.2873181104660034,1.50365249812603,1.0,0.0,cuda
24800,S39,paper1_deep_hgrl_ugv_assisted,0.002275996608659625,0.0,0.005057770766143221,5.515750074562564e-13,1.3151856660842896,1.5644425302743912,1.0,0.0,cuda
24900,S42,paper1_deep_hgrl_ugv_assisted,0.03272952511906624,0.029215267801191658,0.009696106193304743,0.08489885099819941,1.401721328496933,1.543182522058487,1.0,0.0,cuda
25000,S45,paper1_deep_hgrl_ugv_assisted,0.0034748094622045755,3.1328120257967385e-06,0.007717676235188264,0.00012773547498994716,1.2264172732830048,1.4548592269420624,1.0,0.0,cuda
25100,S7,paper1_deep_hgrl_ugv_assisted,0.0037808979395776987,5.215402154590265e-08,0.00840194560441887,2.953631480341701e-06,1.2683677226305008,1.3869999051094055,1.0,0.0,cuda
25200,S25,paper1_deep_hgrl_ugv_assisted,0.003977250773459673,0.0,0.0088383352076562,1.1977240398956833e-19,1.2425906956195831,1.4500455558300018,1.0,0.0,cuda
25300,S31,paper1_deep_hgrl_ugv_assisted,0.0034894831478595734,5.688161309080897e-06,0.0077468959916586755,0.0002308248237913289,1.056707613170147,1.1732424050569534,1.0,0.0,cuda
25400,S77,paper1_deep_hgrl_ugv_assisted,0.00915362499654293,0.0009634743907582788,0.018610448301842553,0.01845506269700703,1.120913714170456,1.3314435482025146,1.0,0.0,cuda
25500,S60,paper1_deep_hgrl_ugv_assisted,0.002982465550303459,0.00010309595205093558,0.006460251669523132,0.002774373292482241,1.18467378616333,1.384837195277214,1.0,0.0,cuda
25600,S47,paper1_deep_hgrl_ugv_assisted,0.004728285130113363,7.823099679171719e-08,0.010507227983907796,4.547517619357677e-06,1.2245245724916458,1.4729937613010406,1.0,0.0,cuda
25700,S5,paper1_deep_hgrl_ugv_assisted,0.007119505200535059,0.005524759646505117,0.004774577031639637,0.055381388628852335,1.2948639243841171,1.4138801097869873,1.0,0.0,cuda
25800,S71,paper1_deep_hgrl_ugv_assisted,0.0051713744178414345,4.2906084900096175e-05,0.011425989941756143,0.0013226698522866842,1.288882851600647,1.5120275169610977,1.0,0.0,cuda
25900,S35,paper1_deep_hgrl_ugv_assisted,0.001781481085345149,1.8216153314654093e-06,0.003956559590790221,7.923560464615722e-05,1.1098542511463165,1.2982890158891678,1.0,0.0,cuda
26000,S69,paper1_deep_hgrl_ugv_assisted,0.0032247290946543217,7.4505797087454084e-09,0.007166056805345988,4.121506676207232e-07,1.2042302787303925,1.3498581796884537,1.0,0.0,cuda
26100,S37,paper1_deep_hgrl_ugv_assisted,0.0011392277665436268,3.725290076417309e-09,0.002531618318528217,4.2074897018193646e-07,1.233321875333786,1.34791399538517,1.0,0.0,cuda
26200,S28,paper1_deep_hgrl_ugv_assisted,0.0011781980283558369,4.5453191944488935e-05,0.002549352707546859,0.0014463911138594045,1.4625257551670074,1.5687993466854095,1.0,0.0,cuda
26300,S59,paper1_deep_hgrl_ugv_assisted,0.0030471414793282747,0.0001265047964693622,0.006570268284121994,0.00359839169720382,1.0991492345929146,1.2641635239124298,1.0,0.0,cuda
26400,S20,paper1_deep_hgrl_ugv_assisted,0.00560080586001277,0.0001497934317740146,0.01220471237320453,0.00411080685445073,1.1204643100500107,1.3053524792194366,1.0,0.0,cuda
26500,S42,paper1_deep_hgrl_ugv_assisted,0.027885904535651207,0.023979458726438807,0.010602743415802252,0.08647887407110959,1.401721328496933,1.543182522058487,1.0,0.0,cuda
26600,S91,paper1_deep_hgrl_ugv_assisted,0.0040534003637731075,0.001582339287921286,0.006037808003384271,0.024595263887041828,1.265677034854889,1.4819144159555435,1.0,0.0,cuda
26700,S32,paper1_deep_hgrl_ugv_assisted,0.00305821280926466,0.0,0.0067960287487949245,1.1880794989309329e-08,1.25552536547184,1.5257071107625961,1.0,0.0,cuda
26800,S48,paper1_deep_hgrl_ugv_assisted,0.006529056467115879,0.0030765391420572996,0.00853656243725709,0.03889356926083569,1.1752907037734985,1.4593431949615479,1.0,0.0,cuda
26900,S69,paper1_deep_hgrl_ugv_assisted,0.0025498108007013798,4.8428734800154416e-08,0.0056661975922907,2.6498466929634597e-06,1.2042302787303925,1.3498581796884537,1.0,0.0,cuda
27000,S83,paper1_deep_hgrl_ugv_assisted,0.00762536283582449,0.0004764734657101144,0.01610486881421025,0.00983011650850685,1.1881427764892578,1.4804472476243973,1.0,0.0,cuda
27100,S47,paper1_deep_hgrl_ugv_assisted,0.005852452479302883,1.6614353626209777e-06,0.01300335954874754,7.205818110378459e-05,1.2245245724916458,1.4729937613010406,1.0,0.0,cuda
27200,S96,paper1_deep_hgrl_ugv_assisted,0.001780990045517683,0.00029527582921673456,0.0034526518575148657,0.0067979072764501325,1.1946104615926743,1.4369239956140518,1.0,0.0,cuda
27300,S87,paper1_deep_hgrl_ugv_assisted,0.003318449715152383,0.0,0.007374333136738187,7.850056681331521e-16,1.1387315765023232,1.3620279431343079,1.0,0.0,cuda
27400,S66,paper1_deep_hgrl_ugv_assisted,0.004002760164439678,0.0,0.00889502324648106,9.016515300503277e-14,1.153009094297886,1.4033393189311028,1.0,0.0,cuda
27500,S81,paper1_deep_hgrl_ugv_assisted,0.0010846995282918215,0.0,0.0024104436415655073,4.853829579278469e-09,1.0046859383583069,1.1760452389717102,1.0,0.0,cuda
27600,S32,paper1_deep_hgrl_ugv_assisted,0.004239779897034168,0.0,0.009421732685723327,8.226230376788893e-09,1.25552536547184,1.5257071107625961,1.0,0.0,cuda
27700,S97,paper1_deep_hgrl_ugv_assisted,0.004355199635028839,2.4193843273678795e-05,0.009641998942242935,0.0007893607305748743,1.136467069387436,1.2854808121919632,1.0,0.0,cuda
27800,S63,paper1_deep_hgrl_ugv_assisted,0.001131089637055993,4.593113999362686e-06,0.0025076362172171685,0.00019397781063767996,1.3387739807367325,1.5245229005813599,1.0,0.0,cuda
27900,S62,paper1_deep_hgrl_ugv_assisted,0.00807955116033554,0.0073648044840410876,0.0035129396067077323,0.08660764037631452,1.1867095530033112,1.364444077014923,1.0,0.0,cuda
28000,S80,paper1_deep_hgrl_ugv_assisted,0.005705853924155235,3.411249417606399e-05,0.012627595497178845,0.0010676777253593173,1.0935153663158417,1.3009029924869537,1.0,0.0,cuda
28100,S96,paper1_deep_hgrl_ugv_assisted,0.003330463310703635,0.0009100537163249101,0.005772686719865305,0.017729947256157175,1.1946104615926743,1.4369239956140518,1.0,0.0,cuda
28200,S56,paper1_deep_hgrl_ugv_assisted,0.0059107039123773575,0.0,0.013134898210410029,5.134637076094936e-14,1.0721832886338234,1.2966968715190887,1.0,0.0,cuda
28300,S75,paper1_deep_hgrl_ugv_assisted,0.0022271638736128807,3.698994305523229e-06,0.004944346052525361,0.00014909062648627025,1.1180044263601303,1.326276570558548,1.0,0.0,cuda
28400,S84,paper1_deep_hgrl_ugv_assisted,0.00247324351221323,0.00014476156906084725,0.005261791397970228,0.003932420309482154,1.2503406256437302,1.3963436633348465,1.0,0.0,cuda
28500,S96,paper1_deep_hgrl_ugv_assisted,0.002241500886157155,0.000638500769014172,0.0038457798727904446,0.012760074954712763,1.1946104615926743,1.4369239956140518,1.0,0.0,cuda
28600,S46,paper1_deep_hgrl_ugv_assisted,0.0028732363134622574,1.1175869119028903e-08,0.006384961488947738,7.473010442743327e-07,1.1910727620124817,1.419647216796875,1.0,0.0,cuda
28700,S90,paper1_deep_hgrl_ugv_assisted,0.00397349102422595,0.0005572524387389421,0.007838432808057405,0.011105593293905262,1.0734376460313797,1.2871738523244858,1.0,0.0,cuda
28800,S44,paper1_deep_hgrl_ugv_assisted,0.0009427114855498075,0.0001402948799693604,0.0018691365944505378,0.003869483848120676,1.1144103333353996,1.2354449182748795,1.0,0.0,cuda
28900,S65,paper1_deep_hgrl_ugv_assisted,0.0032279249280691147,0.0,0.007173166433403821,2.5667560621733705e-10,0.9664373993873596,1.233848586678505,1.0,0.0,cuda
29000,S76,paper1_deep_hgrl_ugv_assisted,0.003889226820319891,1.9743976054087398e-07,0.0086424971229917,9.420605239694569e-06,1.0397772789001465,1.2476029768586159,1.0,0.0,cuda
29100,S96,paper1_deep_hgrl_ugv_assisted,0.0025065550580620766,0.0003855775255061644,0.004897433127553086,0.008286730728286784,1.1946104615926743,1.4369239956140518,1.0,0.0,cuda
29200,S25,paper1_deep_hgrl_ugv_assisted,0.005973336286842823,0.0,0.01327408181532519,1.607585121421743e-20,1.2425906956195831,1.4500455558300018,1.0,0.0,cuda
29300,S21,paper1_deep_hgrl_ugv_assisted,0.005324703175574541,0.002294493344379589,0.007510409963288112,0.03494745287393375,1.212193176150322,1.3532671183347702,1.0,0.0,cuda
29400,S29,paper1_deep_hgrl_ugv_assisted,0.002322607208043337,3.47302011505235e-05,0.005108253872094792,0.0010837133532035637,1.1803419440984726,1.4099253416061401,1.0,0.0,cuda
29500,S53,paper1_deep_hgrl_ugv_assisted,0.021908195689320564,0.02050728723406614,0.005078728230671459,0.0884518684633162,1.2645622044801712,1.4952972382307053,1.0,0.0,cuda
29600,S63,paper1_deep_hgrl_ugv_assisted,0.00119145424105227,1.039346415154796e-06,0.0026464418460818706,4.83794796941623e-05,1.3387739807367325,1.5245229005813599,1.0,0.0,cuda
29700,S46,paper1_deep_hgrl_ugv_assisted,0.002393977250903845,1.0058267463364245e-07,0.005319848884028033,5.52088113181536e-06,1.1910727620124817,1.419647216796875,1.0,0.0,cuda
29800,S36,paper1_deep_hgrl_ugv_assisted,0.004618845880031586,0.0004242714567226358,0.009542184536257992,0.0099408221431077,1.277477890253067,1.459118440747261,1.0,0.0,cuda
29900,S2,paper1_deep_hgrl_ugv_assisted,0.0012927793432027102,3.0476893471131916e-05,0.0028267285824767896,0.0009725379702434367,1.396485149860382,1.4933184087276459,1.0,0.0,cuda
30000,S11,paper1_deep_hgrl_ugv_assisted,0.0021316634956747293,0.00013254990426503355,0.004521882112271669,0.0035733087633198005,1.2661944776773453,1.3627476543188095,1.0,0.0,cuda
30100,S55,paper1_deep_hgrl_ugv_assisted,0.0034826360642910004,0.00033046479796894346,0.007167024719819892,0.007298974751620335,1.222463697195053,1.4871380925178528,1.0,0.0,cuda
30200,S8,paper1_deep_hgrl_ugv_assisted,0.002619610633701086,0.0013936874147368883,0.0032355188908468335,0.02300604403956187,1.368886485695839,1.5015903413295746,1.0,0.0,cuda
30300,S50,paper1_deep_hgrl_ugv_assisted,0.0044415732845664024,0.0011928213061764836,0.0076632379059446976,0.01997051203482528,1.2363613545894623,1.4111482203006744,1.0,0.0,cuda
30400,S85,paper1_deep_hgrl_ugv_assisted,0.00225571496412158,5.587932072614876e-08,0.005012646919128727,3.187939009378915e-06,1.213756412267685,1.4343082457780838,1.0,0.0,cuda
30500,S6,paper1_deep_hgrl_ugv_assisted,0.00906091183423996,0.0023207124316382277,0.015694227526182658,0.03222021995794859,1.240106776356697,1.397838369011879,1.0,0.0,cuda
30600,S65,paper1_deep_hgrl_ugv_assisted,0.0046144695952534676,1.937144986641215e-07,0.010254153174173553,9.276212861393344e-06,0.9664373993873596,1.233848586678505,1.0,0.0,cuda
30700,S51,paper1_deep_hgrl_ugv_assisted,0.006603988353163004,9.685739854603526e-08,0.014675422295113094,4.834001175312809e-06,1.3093283921480179,1.6223378330469131,1.0,0.0,cuda
30800,S41,paper1_deep_hgrl_ugv_assisted,0.004875945392996073,0.0,0.010835434412001632,7.329800879623989e-14,1.1456653028726578,1.420890673995018,1.0,0.0,cuda
30900,S53,paper1_deep_hgrl_ugv_assisted,0.00210490170866251,0.00017951552581485508,0.004376854901721572,0.0044198361116237535,1.2645622044801712,1.4952972382307053,1.0,0.0,cuda
31000,S46,paper1_deep_hgrl_ugv_assisted,0.002447525504976511,0.0,0.005438945977402909,2.7923757575940272e-08,1.1910727620124817,1.419647216796875,1.0,0.0,cuda
31100,S81,paper1_deep_hgrl_ugv_assisted,0.0018753628246486187,0.0,0.004167473235611396,7.16468008473903e-11,1.0046859383583069,1.1760452389717102,1.0,0.0,cuda
31200,S7,paper1_deep_hgrl_ugv_assisted,0.001380356727167964,1.8626446163239052e-08,0.003067440953600453,1.0361729441753937e-06,1.2683677226305008,1.3869999051094055,1.0,0.0,cuda
31300,S92,paper1_deep_hgrl_ugv_assisted,0.005099652335047722,1.1900046041901646e-05,0.011315521798678674,0.00042324222635334763,1.333484634757042,1.5480686873197556,1.0,0.0,cuda
31400,S22,paper1_deep_hgrl_ugv_assisted,0.0010007631499320269,1.1881419594850229e-05,0.00220689206616953,0.00042197318268035085,1.2042591571807861,1.3084384053945541,1.0,0.0,cuda
31500,S87,paper1_deep_hgrl_ugv_assisted,0.005643105134367943,0.0,0.012540233963136416,1.348753007717438e-16,1.1387315765023232,1.3620279431343079,1.0,0.0,cuda
31600,S77,paper1_deep_hgrl_ugv_assisted,0.006179061718285084,0.00047810918472968034,0.012918013699163566,0.011215343403364386,1.120913714170456,1.3314435482025146,1.0,0.0,cuda
31700,S34,paper1_deep_hgrl_ugv_assisted,0.009014813229441643,0.0,0.02003291958317277,3.3767747211946536e-10,1.166130281984806,1.4325515627861023,1.0,0.0,cuda
31800,S81,paper1_deep_hgrl_ugv_assisted,0.0013987976126372814,0.0,0.0031084391113154197,1.2177569640282327e-11,1.0046859383583069,1.1760452389717102,1.0,0.0,cuda
31900,S12,paper1_deep_hgrl_ugv_assisted,0.005887962412089109,0.003503102576212669,0.006239153620299476,0.04227596358109853,1.2633539885282516,1.3509744703769684,1.0,0.0,cuda
32000,S67,paper1_deep_hgrl_ugv_assisted,0.0026660775765776634,2.6077021431092362e-08,0.005924591692746617,1.4777898513784749e-06,1.2217330932617188,1.4598634093999863,1.0,0.0,cuda
32100,S88,paper1_deep_hgrl_ugv_assisted,0.005532133858650923,8.94068392653935e-08,0.012293532379771932,4.493751021073007e-06,1.260943353176117,1.5013574957847595,1.0,0.0,cuda
32200,S74,paper1_deep_hgrl_ugv_assisted,0.0026638987474143505,1.1175869119028903e-08,0.005919765017580403,6.428015971320175e-07,1.295516014099121,1.5516330897808075,1.0,0.0,cuda
32300,S36,paper1_deep_hgrl_ugv_assisted,0.0051134019158780575,0.00017494961684860755,0.011074671796450275,0.00451498012989762,1.277477890253067,1.459118440747261,1.0,0.0,cuda
32400,S51,paper1_deep_hgrl_ugv_assisted,0.0037616321351379156,0.0,0.008359183188076713,7.265886712629552e-15,1.3093283921480179,1.6223378330469131,1.0,0.0,cuda
32500,S75,paper1_deep_hgrl_ugv_assisted,0.003054595785215497,3.576258504889296e-07,0.006787578690818918,1.721264465004424e-05,1.1180044263601303,1.326276570558548,1.0,0.0,cuda
32600,S23,paper1_deep_hgrl_ugv_assisted,0.0013187048025429249,1.405697094014613e-05,0.0029106650293897474,0.0005151358884252499,1.3599309027194977,1.46723572909832,1.0,0.0,cuda
32700,S82,paper1_deep_hgrl_ugv_assisted,0.0014528816100209951,2.644945027441281e-07,0.00322835584574932,1.4298032510851083e-05,1.1923714652657509,1.4555232152342796,1.0,0.0,cuda
32800,S6,paper1_deep_hgrl_ugv_assisted,0.003918591421097517,0.00013537319909495693,0.008485271826430107,0.0035154182013477334,1.240106776356697,1.397838369011879,1.0,0.0,cuda
32900,S51,paper1_deep_hgrl_ugv_assisted,0.0030400806572288275,0.0,0.0067557347681486135,3.0116231102755924e-12,1.3093283921480179,1.6223378330469131,1.0,0.0,cuda
33000,S5,paper1_deep_hgrl_ugv_assisted,0.005195331294089556,0.0033781102392822504,0.00495621381725897,0.04130749968746988,1.2948639243841171,1.4138801097869873,1.0,0.0,cuda
33100,S100,paper1_deep_hgrl_ugv_assisted,0.0024803283158689737,0.00019255810184404254,0.005187848374561099,0.004676139687813219,1.0081998109817505,1.2128115594387054,1.0,0.0,cuda
33200,S62,paper1_deep_hgrl_ugv_assisted,0.00501212477684021,0.0036379360681166872,0.004190388614006224,0.0511485964525491,1.1867095530033112,1.364444077014923,1.0,0.0,cuda
33300,S52,paper1_deep_hgrl_ugv_assisted,0.004735750146210194,0.00013475659898176673,0.01030389898824069,0.003576073822563905,1.4130900502204895,1.5847169160842896,1.0,0.0,cuda
33400,S30,paper1_deep_hgrl_ugv_assisted,0.0029017645865678787,9.201331749864039e-07,0.006447258465414052,4.217804235790473e-05,1.0694422498345375,1.2603446245193481,1.0,0.0,cuda
33500,S9,paper1_deep_hgrl_ugv_assisted,0.003932497464120388,0.0005741742206737399,0.007735643295745831,0.012271596118809753,1.2044913321733475,1.3492239117622375,1.0,0.0,cuda
33600,S26,paper1_deep_hgrl_ugv_assisted,0.001011476619169116,0.0,0.0022477256474076057,1.9030768625501072e-11,1.2664661705493927,1.46210016310215,1.0,0.0,cuda
33700,S64,paper1_deep_hgrl_ugv_assisted,0.003200650680810213,0.0,0.007112556710580975,3.1278531246530156e-11,1.2121527343988419,1.439414143562317,1.0,0.0,cuda
33800,S10,paper1_deep_hgrl_ugv_assisted,0.002074682153761387,1.6726112317400066e-06,0.004608305049941919,7.27498357746565e-05,1.3112767934799194,1.409946009516716,1.0,0.0,cuda
33900,S95,paper1_deep_hgrl_ugv_assisted,0.0032924790866672993,0.0011744966031983495,0.005221048223802427,0.023148903797442468,1.2698545157909393,1.4755434393882751,1.0,0.0,cuda
34000,S33,paper1_deep_hgrl_ugv_assisted,0.0005154706304892898,0.0,0.0011454903205958544,3.2075933033813456e-16,1.2681915909051895,1.4177878499031067,1.0,0.0,cuda
34100,S84,paper1_deep_hgrl_ugv_assisted,0.0011377243790775537,0.00020545093866508601,0.0021813857088375244,0.004935012164914293,1.2503406256437302,1.3963436633348465,1.0,0.0,cuda
34200,S14,paper1_deep_hgrl_ugv_assisted,0.001236303010955453,1.948267023266226e-06,0.002744864672422409,8.343261553424881e-05,1.3075557053089142,1.3865178376436234,1.0,0.0,cuda
34300,S80,paper1_deep_hgrl_ugv_assisted,0.04008078947663307,0.03531550930074445,0.01234228453176911,0.07887470599962398,1.0935153663158417,1.3009029924869537,1.0,0.0,cuda
34400,S21,paper1_deep_hgrl_ugv_assisted,0.004296203143894672,0.0017132195644080639,0.006429965612824162,0.031050095944673117,1.212193176150322,1.3532671183347702,1.0,0.0,cuda
34500,S45,paper1_deep_hgrl_ugv_assisted,0.0030148623045533895,5.080883056507446e-06,0.006692810822642059,0.00019832036923662688,1.2264172732830048,1.4548592269420624,1.0,0.0,cuda
34600,S71,paper1_deep_hgrl_ugv_assisted,0.005921484436839819,2.6870138754020445e-05,0.013118367893184768,0.0008651135917951107,1.288882851600647,1.5120275169610977,1.0,0.0,cuda
34700,S20,paper1_deep_hgrl_ugv_assisted,0.003529988694936037,5.017521539230074e-05,0.007766648011966026,0.0015178114699665498,1.1204643100500107,1.3053524792194366,1.0,0.0,cuda
34800,S21,paper1_deep_hgrl_ugv_assisted,0.0031543441582471132,0.0011442997201811522,0.004968832868598838,0.022593019675852366,1.212193176150322,1.3532671183347702,1.0,0.0,cuda
34900,S48,paper1_deep_hgrl_ugv_assisted,0.005129716824740171,0.00027701424551196396,0.01092415065531327,0.006316497921943665,1.1752907037734985,1.4593431949615479,1.0,0.0,cuda
35000,S96,paper1_deep_hgrl_ugv_assisted,0.0016530303983017802,0.0001306585752445244,0.003459320611000294,0.00343224334937986,1.1946104615926743,1.4369239956140518,1.0,0.0,cuda
35100,S42,paper1_deep_hgrl_ugv_assisted,0.011073702946305275,0.0076896137713902135,0.008979112939414335,0.06565109748515595,1.401721328496933,1.543182522058487,1.0,0.0,cuda
35200,S33,paper1_deep_hgrl_ugv_assisted,0.0012542075710371137,0.0,0.0027871281090483535,8.41791693250275e-18,1.2681915909051895,1.4177878499031067,1.0,0.0,cuda
35300,S41,paper1_deep_hgrl_ugv_assisted,0.004748230800032616,0.0,0.010551625577136292,4.6732322557234785e-15,1.1456653028726578,1.420890673995018,1.0,0.0,cuda
35400,S24,paper1_deep_hgrl_ugv_assisted,0.0033397802617400885,7.450580152834618e-09,0.00742172724858392,4.3017548989612105e-07,1.1856894046068192,1.3941348195075989,1.0,0.0,cuda
35500,S57,paper1_deep_hgrl_ugv_assisted,0.002196880057454109,3.725288166833707e-08,0.004881919690577163,2.10221924135151e-06,1.1345810890197754,1.3630842566490173,1.0,0.0,cuda
35600,S27,paper1_deep_hgrl_ugv_assisted,0.006564949173480272,0.0,0.014588774861095999,2.28066891812243e-14,1.1922951340675354,1.4400544315576553,1.0,0.0,cuda
35700,S22,paper1_deep_hgrl_ugv_assisted,0.003602191573008895,2.0958903405698948e-05,0.007973768515512347,0.0006963010752343908,1.2042591571807861,1.3084384053945541,1.0,0.0,cuda
35800,S47,paper1_deep_hgrl_ugv_assisted,0.005909622646868229,2.9802308176840597e-08,0.013132463849615306,1.6197584500332596e-06,1.2245245724916458,1.4729937613010406,1.0,0.0,cuda
35900,S22,paper1_deep_hgrl_ugv_assisted,0.0008609429933130741,5.095781489217188e-06,0.0019062885312450817,0.00019825518190805458,1.2042591571807861,1.3084384053945541,1.0,0.0,cuda
36000,S63,paper1_deep_hgrl_ugv_assisted,0.0020125003065913916,1.0803324790309432e-07,0.004472104819797096,5.479648717943153e-06,1.3387739807367325,1.5245229005813599,1.0,0.0,cuda
36100,S16,paper1_deep_hgrl_ugv_assisted,0.000797363871242851,3.725290076417309e-09,0.0017719182560540503,3.033993787051298e-07,1.2745316475629807,1.4113594591617584,1.0,0.0,cuda
36200,S96,paper1_deep_hgrl_ugv_assisted,0.000833782134577632,7.081323047941623e-06,0.0018435210886309505,0.0002883691086026374,1.1946104615926743,1.4369239956140518,1.0,0.0,cuda
36300,S33,paper1_deep_hgrl_ugv_assisted,0.0007377922302111983,0.0,0.0016395383017879794,1.2143798329253558e-18,1.2681915909051895,1.4177878499031067,1.0,0.0,cuda
36400,S23,paper1_deep_hgrl_ugv_assisted,0.0017551539931446314,0.00010188785563514102,0.003740939479030203,0.0030156618466092716,1.3599309027194977,1.46723572909832,1.0,0.0,cuda
36500,S47,paper1_deep_hgrl_ugv_assisted,0.0046834140084683895,0.0,0.010407587687950581,3.980184715146606e-08,1.2245245724916458,1.4729937613010406,1.0,0.0,cuda
36600,S26,paper1_deep_hgrl_ugv_assisted,0.0009599307086318731,0.0,0.0021331793087995266,4.055173209562682e-11,1.2664661705493927,1.46210016310215,1.0,0.0,cuda
36700,S80,paper1_deep_hgrl_ugv_assisted,0.005672911182045937,9.201331749864039e-07,0.012605360978341196,4.216219362973561e-05,1.0935153663158417,1.3009029924869537,1.0,0.0,cuda
36800,S99,paper1_deep_hgrl_ugv_assisted,0.00935895461589098,0.0,0.020797676748770755,6.894984136779379e-18,1.0898604542016983,1.3813195303082466,1.0,0.0,cuda
36900,S74,paper1_deep_hgrl_ugv_assisted,0.0025492531713098288,0.0,0.0056650072256161366,2.638161311044932e-10,1.295516014099121,1.5516330897808075,1.0,0.0,cuda
37000,S94,paper1_deep_hgrl_ugv_assisted,0.0073948511853814125,5.923177184286033e-07,0.016432331794931088,2.9022805698180124e-05,1.1771770417690277,1.3994089215993881,1.0,0.0,cuda
37100,S89,paper1_deep_hgrl_ugv_assisted,0.002006575930863619,0.0,0.004459059833607171,8.410449514855135e-08,1.195060059428215,1.3537067621946335,1.0,0.0,cuda
37200,S82,paper1_deep_hgrl_ugv_assisted,0.0013227469753473997,3.725290076417309e-09,0.0029394335516599313,1.7653108841387267e-07,1.1923714652657509,1.4555232152342796,1.0,0.0,cuda
37300,S67,paper1_deep_hgrl_ugv_assisted,0.0030041271820664406,0.0,0.006675838860246586,4.1724099730799935e-09,1.2217330932617188,1.4598634093999863,1.0,0.0,cuda
37400,S99,paper1_deep_hgrl_ugv_assisted,0.008024018257856369,0.0,0.01783115290902515,5.02221868736336e-19,1.0898604542016983,1.3813195303082466,1.0,0.0,cuda
37500,S77,paper1_deep_hgrl_ugv_assisted,0.005669084843248129,0.0004269489369335133,0.011852998286485672,0.009171311037046433,1.120913714170456,1.3314435482025146,1.0,0.0,cuda
37600,S95,paper1_deep_hgrl_ugv_assisted,0.0008296550950035453,2.622495681947612e-06,0.001840258546081941,0.00010836876206092583,1.2698545157909393,1.4755434393882751,1.0,0.0,cuda
37700,S28,paper1_deep_hgrl_ugv_assisted,0.0019645108841359615,0.0001272239460303748,0.0041562787178008875,0.00330384773833714,1.4625257551670074,1.5687993466854095,1.0,0.0,cuda
37800,S3,paper1_deep_hgrl_ugv_assisted,0.001981171313673258,0.00011413168976970312,0.004215950044454075,0.003013775315461555,1.3830083012580872,1.4962488561868668,1.0,0.0,cuda
37900,S94,paper1_deep_hgrl_ugv_assisted,0.007184239104390144,3.688026311010617e-07,0.015964571910444647,1.8634263662775815e-05,1.1771770417690277,1.3994089215993881,1.0,0.0,cuda
38000,S72,paper1_deep_hgrl_ugv_assisted,0.006077437195926905,7.323062618525e-06,0.013495241882992559,0.0002744350413563801,1.328182116150856,1.5707214325666428,1.0,0.0,cuda
38100,S96,paper1_deep_hgrl_ugv_assisted,0.001802206039428711,8.99199207538004e-06,0.003992687120899063,0.0003495129058137536,1.1946104615926743,1.4369239956140518,1.0,0.0,cuda
38200,S55,paper1_deep_hgrl_ugv_assisted,0.0026459679938852787,1.8849400476028677e-06,0.005877538186609854,8.091945868837769e-05,1.222463697195053,1.4871380925178528,1.0,0.0,cuda
38300,S54,paper1_deep_hgrl_ugv_assisted,0.0013796529965475202,0.0,0.0030658955620310735,8.965810479078134e-10,1.2873181104660034,1.50365249812603,1.0,0.0,cuda
38400,S16,paper1_deep_hgrl_ugv_assisted,0.001497313380241394,0.0,0.0033273631606789422,4.501681247060026e-12,1.2745316475629807,1.4113594591617584,1.0,0.0,cuda
38500,S39,paper1_deep_hgrl_ugv_assisted,0.0015083900652825832,0.0,0.0033519781991344644,4.700957820730152e-14,1.3151856660842896,1.5644425302743912,1.0,0.0,cuda
38600,S23,paper1_deep_hgrl_ugv_assisted,0.0016425526700913906,4.265322104402003e-06,0.0036447273261330793,0.00018398647904591288,1.3599309027194977,1.46723572909832,1.0,0.0,cuda
38700,S48,paper1_deep_hgrl_ugv_assisted,0.004965256433933973,5.618643990601413e-05,0.010945577974780463,0.0016439954051747918,1.1752907037734985,1.4593431949615479,1.0,0.0,cuda
38800,S97,paper1_deep_hgrl_ugv_assisted,0.003516118973493576,6.295676939771511e-07,0.007812866650056094,3.0044641598618752e-05,1.136467069387436,1.2854808121919632,1.0,0.0,cuda
38900,S49,paper1_deep_hgrl_ugv_assisted,0.0037862483877688646,0.0,0.008413885363552254,2.514491650066391e-12,1.249408558011055,1.4984077960252762,1.0,0.0,cuda
39000,S48,paper1_deep_hgrl_ugv_assisted,0.0032539614476263523,0.0004690561618190259,0.0064038264645205345,0.0096816560253501,1.1752907037734985,1.4593431949615479,1.0,0.0,cuda
39100,S78,paper1_deep_hgrl_ugv_assisted,0.002473384141921997,2.1345183540688595e-06,0.005493676389960456,9.045768092619297e-05,1.182870328426361,1.4243009388446808,1.0,0.0,cuda
39200,S41,paper1_deep_hgrl_ugv_assisted,0.003680046182125807,0.0,0.008177880826224282,5.358612992139628e-13,1.1456653028726578,1.420890673995018,1.0,0.0,cuda
39300,S75,paper1_deep_hgrl_ugv_assisted,0.0023561776615679264,3.3041578717529774e-06,0.005231592532254581,0.00013430690337123963,1.1180044263601303,1.326276570558548,1.0,0.0,cuda
39400,S24,paper1_deep_hgrl_ugv_assisted,0.0027947924099862576,7.4505797087454084e-09,0.006210643594386056,4.6441243561901094e-07,1.1856894046068192,1.3941348195075989,1.0,0.0,cuda
39500,S63,paper1_deep_hgrl_ugv_assisted,0.0016219581011682749,1.575759023708656e-06,0.003602371536544524,6.847985648832794e-05,1.3387739807367325,1.5245229005813599,1.0,0.0,cuda
39600,S27,paper1_deep_hgrl_ugv_assisted,0.006371511146426201,0.0,0.014158913792869043,4.2105929085943236e-16,1.1922951340675354,1.4400544315576553,1.0,0.0,cuda
39700,S75,paper1_deep_hgrl_ugv_assisted,0.002339543541893363,4.481202722672606e-06,0.005192955585698655,0.00017677059429033193,1.1180044263601303,1.326276570558548,1.0,0.0,cuda
39800,S74,paper1_deep_hgrl_ugv_assisted,0.003392902435734868,0.0,0.007539783153333701,2.8816426580011894e-09,1.295516014099121,1.5516330897808075,1.0,0.0,cuda
39900,S42,paper1_deep_hgrl_ugv_assisted,0.009144576266407967,0.004523111145317671,0.011382618125026056,0.0500712186242662,1.401721328496933,1.543182522058487,1.0,0.0,cuda
40000,S62,paper1_deep_hgrl_ugv_assisted,0.004224525764584541,0.0001862884352483718,0.00907525562547562,0.004562751878893323,1.1867095530033112,1.364444077014923,1.0,0.0,cuda
